task_id,split,connectivity,regions_median,regions_max,mask_preserved,regions_uniform_out,mean_fraction_changed,change_components,aligned_components,aligned_fraction,colour_determines_output,size_determines_output,size_rank_determines_output,bbox_determines_output
009d5c81,training,4,3.0,10,False,True,0.14591836734693878,26,26,1.0,False,False,False,False
00d62c1b,training,4,9.0,14,False,True,0.0586111111111111,13,13,1.0,False,False,False,False
00dbd492,training,4,3.0,4,False,True,0.2244499009334174,6,6,1.0,False,False,False,False
025d127b,training,4,7.0,8,False,False,0.1468253968253968,6,1,0.16666666666666666,False,False,False,False
03560426,training,4,3.0,4,False,False,0.38000000000000006,10,8,0.8,False,False,False,False
045e512c,training,4,4.0,5,False,True,0.06953892668178381,22,22,1.0,False,False,False,False
05269061,training,4,1.0,5,False,False,0.7755102040816326,6,6,1.0,False,False,False,False
05a7bcf2,training,4,6.0,6,False,False,0.2740740740740741,22,0,0.0,False,False,False,False
05f2a901,training,4,2.0,2,False,True,0.15901875901875903,4,2,0.5,False,False,False,False
0607ce86,training,4,17.0,24,False,False,0.09282406219165112,109,109,1.0,False,False,False,False
06df4c85,training,4,1.0,1,False,False,0.062035286704473856,23,23,1.0,False,False,False,False
070dd51e,training,4,10.0,10,False,True,0.07333333333333333,5,5,1.0,False,False,False,False
08ed6ac7,training,4,4.0,4,True,True,0.2777777777777778,8,8,1.0,False,False,False,False
09629e4f,training,4,5.0,6,False,False,0.4690082644628099,67,51,0.7611940298507462,False,False,False,False
0962bcdd,training,4,2.0,2,False,False,0.16666666666666666,48,48,1.0,False,False,False,False
09c534e7,training,4,3.0,3,True,False,0.06865226337448559,35,35,1.0,False,False,False,False
0a2355a6,training,4,4.0,4,True,True,0.3302540713254999,15,15,1.0,False,True,True,True
0a938d79,training,4,2.0,2,False,True,0.30933844265637744,30,30,1.0,False,False,False,False
0b17323b,training,4,3.0,3,False,True,0.011111111111111112,5,5,1.0,False,False,False,False
0becf7df,training,4,2.0,2,True,False,0.19000000000000003,3,3,1.0,False,False,False,False
0ca9ddb6,training,4,3.0,5,False,True,0.1316872427983539,32,32,1.0,False,False,False,False
0d3d703e,training,4,1.0,1,True,False,1.0,4,4,1.0,False,False,False,False
0d87d2a6,training,4,10.0,10,False,True,0.20206043956043954,3,0,0.0,False,False,False,False
0e206a2e,training,4,4.0,8,False,True,0.08667328042328043,18,18,1.0,False,False,False,False
0e671a1a,training,4,3.0,3,False,True,0.128698224852071,6,6,1.0,False,False,False,False
0f63c0b9,training,4,3.0,4,False,True,0.4222222222222222,4,4,1.0,False,False,False,False
103eff5b,training,4,4.0,4,True,False,0.15996503496503497,4,4,1.0,False,False,False,False
11852cab,training,4,10.0,10,False,True,0.03,9,9,1.0,False,False,False,False
1190bc91,training,4,3.0,3,False,False,0.6683333333333333,4,4,1.0,False,False,False,False
11dc524f,training,4,1.0,1,True,False,0.055226824457593686,13,13,1.0,False,False,False,False
11e1fe23,training,4,3.0,3,False,True,0.031818181818181815,8,8,1.0,False,False,False,False
12422b43,training,4,2.0,2,False,False,0.17024786324786326,5,5,1.0,False,False,False,False
12eac192,training,4,5.5,7,True,False,0.254265873015873,22,22,1.0,False,False,False,False
13713586,training,4,4.0,4,False,True,0.365080738177624,5,5,1.0,False,False,False,False
137f0df0,training,4,9.0,9,False,True,0.41333333333333333,3,3,1.0,False,False,False,False
13f06aa5,training,4,1.0,1,False,False,0.15126447626447626,12,12,1.0,False,False,False,False
140c817e,training,4,1.0,1,True,False,0.5598199032542467,3,3,1.0,False,False,False,False
14754a24,training,4,25.0,31,True,False,0.0391577903091061,20,20,1.0,False,False,False,False
1478ab18,training,4,1.0,1,True,False,0.203125,9,9,1.0,False,False,False,False
14b8e18c,training,4,1.0,1,True,False,0.10666666666666667,28,28,1.0,False,False,False,False
150deff5,training,4,1.0,2,True,False,0.2230218855218855,4,4,1.0,False,False,False,False
15113be4,training,4,7.0,9,True,False,0.018903591682419663,24,24,1.0,False,False,False,False
15663ba9,training,4,2.0,3,True,False,0.11195798503490811,47,47,1.0,False,False,False,False
17829a00,training,4,1.0,1,True,False,0.1953125,38,38,1.0,False,False,False,False
178fcbfb,training,4,4.0,5,False,True,0.3303077066965956,13,13,1.0,False,False,False,False
17b80ad2,training,4,13.0,29,False,False,0.11599656685971756,26,26,1.0,False,False,False,False
17b866bd,training,4,1.0,1,False,False,0.11486235119047619,10,10,1.0,False,False,False,False
17cae0c1,training,4,3.5,5,False,False,1.0,4,0,0.0,False,False,False,False
18286ef8,training,4,9.0,9,True,False,0.02701388888888889,8,8,1.0,False,False,False,False
182e5d0f,training,4,1.0,1,True,False,0.09611275476660092,5,5,1.0,False,False,False,False
18419cfa,training,4,4.0,6,False,True,0.02178185036640919,8,8,1.0,False,False,False,False
18447a8d,training,4,1.0,1,True,False,0.36473330590977654,18,18,1.0,False,False,False,False
184a9768,training,4,17.0,17,False,False,0.14875258799171842,56,56,1.0,False,False,False,False
1a07d186,training,4,7.0,8,False,True,0.03734335839598998,27,26,0.9629629629629629,False,False,False,False
1a244afd,training,4,1.0,1,True,False,0.05645833333333333,18,18,1.0,False,False,False,False
1acc24af,training,4,4.5,5,True,True,0.06423611111111112,8,8,1.0,False,False,False,False
1b59e163,training,4,1.0,1,True,False,0.13425925925925924,26,26,1.0,False,False,False,False
1b60fb0c,training,4,1.0,1,False,True,0.09333333333333334,3,3,1.0,False,False,False,False
1b8318e3,training,4,11.0,15,False,True,0.09703703703703705,32,21,0.65625,False,False,False,False
1bfc4729,training,4,2.0,2,False,True,0.5,2,2,1.0,False,False,False,False
1c02dbbe,training,4,1.0,1,False,False,0.2740740740740741,5,5,1.0,False,False,False,False
1c0d0a4b,training,4,8.0,14,False,True,0.44045584045584046,13,0,0.0,False,False,False,False
1c56ad9f,training,4,1.0,1,False,False,0.10304029304029304,41,14,0.34146341463414637,False,False,False,False
1caeab9d,training,4,3.0,3,False,False,0.16,12,12,1.0,False,False,False,False
1d0a4b61,training,4,1.0,1,False,False,0.11359999999999999,11,11,1.0,False,False,False,False
1d398264,training,4,1.0,1,False,False,0.18546296296296297,58,58,1.0,False,False,False,False
1d61978c,training,4,1.0,1,True,False,0.10546875,54,54,1.0,False,False,False,False
1da012fc,training,4,4.5,5,True,False,0.1014354066985646,7,7,1.0,False,False,False,False
1e0a9b12,training,4,4.0,5,False,False,0.29537037037037034,11,8,0.7272727272727273,False,False,False,False
1e32b0e9,training,4,9.0,11,False,True,0.13494809688581313,46,46,1.0,False,False,False,False
1e5d6875,training,4,1.0,1,True,False,0.140625,6,6,1.0,False,False,False,False
1e81d6f9,training,4,24.0,28,False,False,0.019259259259259257,13,13,1.0,False,False,False,False
1efba499,training,4,10.0,11,False,False,0.09656084656084656,42,40,0.9523809523809523,False,False,False,False
1f0c79e5,training,4,1.0,1,False,True,0.2623456790123456,5,0,0.0,False,False,False,False
1f642eb9,training,4,6.0,7,True,False,0.04666666666666667,10,10,1.0,False,False,False,False
1f876c06,training,4,8.0,8,False,True,0.09333333333333334,28,28,1.0,False,False,False,False
20981f0e,training,4,15.0,18,False,False,0.09082406241848966,24,18,0.75,False,False,False,False
212895b5,training,4,24.0,28,False,False,0.11545092305928219,53,53,1.0,False,False,False,False
21f83797,training,4,2.0,2,False,True,0.39349112426035504,10,10,1.0,False,False,False,False
2204b7a8,training,4,7.0,8,True,True,0.04666666666666667,14,14,1.0,False,False,False,False
22168020,training,4,10.0,12,False,True,0.13999999999999999,5,5,1.0,False,False,False,False
22208ba4,training,4,1.0,1,True,False,0.20612572903492948,22,22,1.0,False,False,False,False
22233c11,training,4,2.0,4,False,True,0.04,8,8,1.0,False,False,False,False
22806e14,training,4,1.0,1,True,False,0.026041666666666668,12,12,1.0,False,False,False,False
2281f1f4,training,4,6.0,6,False,True,0.12666666666666668,24,24,1.0,False,False,False,False
228f6490,training,4,6.0,7,False,False,0.18666666666666668,12,12,1.0,False,False,False,False
22a4bbc2,training,4,1.0,3,True,False,0.24954573934837093,16,16,1.0,False,False,False,False
22eb0ac0,training,4,8.0,10,False,True,0.08,3,3,1.0,False,False,False,False
230f2e48,training,4,1.0,1,True,False,0.09120370370370372,11,11,1.0,False,False,False,False
23581191,training,4,2.0,2,False,True,0.37037037037037035,12,12,1.0,False,False,False,False
25094a63,training,4,1.0,1,True,False,0.1288888888888889,6,6,1.0,False,False,False,False
252143c9,training,4,2.5,4,False,False,0.3489627255861022,37,37,1.0,False,False,False,False
253bf280,training,4,2.5,5,False,True,0.06069786694786695,9,9,1.0,False,False,False,False
2546ccf6,training,4,3.5,6,False,False,0.022359821121431027,6,6,1.0,False,False,False,False
256b0a75,training,4,20.0,27,False,False,0.5334335114580862,3,0,0.0,False,False,False,False
25d487eb,training,4,1.0,1,False,False,0.0500925925925926,3,3,1.0,False,False,False,False
25d8a9c8,training,4,1.0,1,False,False,1.0,4,4,1.0,False,False,False,False
25ff71a9,training,4,1.0,1,False,False,0.5555555555555556,6,2,0.3333333333333333,False,False,False,False
2601afb7,training,4,1.0,1,True,False,0.2875327868112861,12,12,1.0,False,False,False,False
264363fd,training,4,1.0,1,True,False,0.08851851851851851,19,19,1.0,False,False,False,False
2685904e,training,4,3.0,3,False,False,0.08333333333333333,15,15,1.0,False,False,False,False
272f95fa,training,4,1.0,1,False,True,0.41896407685881365,10,10,1.0,False,False,False,False
27a77e38,training,4,1.0,1,False,False,0.057173091458805746,3,3,1.0,False,False,False,False
28e73c20,training,4,0.0,0,False,False,0.6060151216305062,5,5,1.0,False,False,False,False
292dd178,training,4,1.0,1,True,False,0.1202020202020202,5,5,1.0,False,False,False,False
29623171,training,4,6.0,7,False,False,0.1322314049586777,25,25,1.0,False,False,False,False
29700607,training,4,4.0,4,False,False,0.1863942454851546,3,3,1.0,False,False,False,False
29c11459,training,4,2.0,2,False,True,0.16363636363636364,2,2,1.0,False,False,False,False
2a28add5,training,4,1.0,1,False,False,0.4,12,11,0.9166666666666666,False,False,False,False
2a5f8217,training,4,6.0,8,True,True,0.13288610005781723,8,8,1.0,False,False,False,False
2b01abd0,training,4,2.0,3,False,False,0.12185345518678851,8,8,1.0,False,False,False,False
2b9ef948,training,4,2.0,2,False,False,0.9948148148148149,3,0,0.0,False,False,False,False
2bcee788,training,4,1.0,1,False,True,0.9575,4,0,0.0,False,False,False,False
2bee17df,training,4,1.0,1,False,False,0.3048148148148148,3,3,1.0,False,False,False,False
2c608aff,training,4,1.0,1,True,False,0.032374338624338625,7,7,1.0,False,False,False,False
2c737e39,training,4,2.0,2,False,False,0.06759259259259259,3,0,0.0,False,False,False,False
2dd70a9a,training,4,30.0,38,False,False,0.06259259259259259,3,3,1.0,False,False,False,False
2de01db2,training,4,4.0,15,False,False,1.0,3,0,0.0,False,False,False,False
2e65ae53,training,4,4.0,4,False,False,0.16012396694214875,24,24,1.0,False,False,False,False
2f767503,training,4,1.0,1,True,False,0.04952991452991453,6,6,1.0,False,False,False,False
2faf500b,training,4,3.0,4,False,False,0.2488425925925926,18,15,0.8333333333333334,False,False,False,False
305b1341,training,4,37.0,40,False,True,0.36999999999999994,7,7,1.0,False,False,False,False
30f42897,training,4,1.0,1,True,False,0.17777777777777778,10,10,1.0,False,False,False,False
319f2597,training,4,1.0,1,False,False,0.15583333333333335,14,14,1.0,False,False,False,False
31aa019c,training,4,12.0,13,False,False,0.26333333333333336,34,32,0.9411764705882353,False,False,False,False
31adaf00,training,4,16.0,17,False,True,0.24,13,13,1.0,False,False,False,False
320afe60,training,4,1.0,1,True,False,0.19694898403032376,20,20,1.0,False,False,False,False
321b1fc6,training,4,4.0,4,False,False,0.18,8,8,1.0,False,False,False,False
32597951,training,4,36.0,86,True,False,0.03575547866205306,17,17,1.0,False,False,False,False
32e9702f,training,4,2.0,3,False,False,0.8438681027966742,3,0,0.0,False,False,False,False
332202d5,training,4,1.0,1,False,False,1.0,3,2,0.6666666666666666,False,False,False,False
332efdb3,training,4,0.0,0,False,False,0.8195985554715713,3,3,1.0,False,False,False,False
3345333e,training,4,1.0,1,False,False,0.0546875,2,2,1.0,False,False,False,False
3391f8c0,training,4,6.5,10,False,False,0.20890770449593982,19,0,0.0,False,False,False,False
33b52de3,training,4,16.5,17,True,False,0.21928166351606804,31,31,1.0,False,False,False,False
342ae2ed,training,4,1.0,1,False,False,0.0546875,34,34,1.0,False,False,False,False
342dd610,training,4,1.0,1,True,False,0.035,12,12,1.0,False,False,False,False
3490cc26,training,4,8.5,12,False,True,0.08763507326007325,22,22,1.0,False,False,False,False
34cfa167,training,4,2.5,4,False,False,0.22994366744366745,4,4,1.0,False,False,False,False
3618c87e,training,4,1.0,1,False,False,0.13333333333333333,10,10,1.0,False,False,False,False
363442ee,training,4,6.0,6,False,False,0.3333333333333333,8,0,0.0,False,False,False,False
36d67576,training,4,3.0,3,False,False,0.047337278106508875,22,22,1.0,False,False,False,False
36fdfd69,training,4,24.0,24,True,False,0.051054310613134146,15,15,1.0,False,False,False,False
37ce87bb,training,4,1.0,1,True,False,0.06277056277056277,3,3,1.0,False,False,False,False
37d3e8b2,training,4,5.0,6,True,True,0.37370242214532867,15,15,1.0,False,False,False,False
3906de3d,training,4,3.0,4,False,False,0.12666666666666668,11,10,0.9090909090909091,False,False,False,False
396d80d7,training,4,1.0,1,True,False,0.052734375,25,25,1.0,False,False,False,False
39e1d7f9,training,4,1.0,1,False,False,0.09773662551440328,20,20,1.0,False,False,False,False
3a301edc,training,4,1.0,1,False,False,0.24610409198644492,5,5,1.0,False,False,False,False
3aa6fb7a,training,4,2.5,3,False,True,0.05102040816326531,5,5,1.0,False,False,False,False
3ac3eb23,training,4,1.5,2,False,True,0.22857142857142856,24,24,1.0,False,False,False,False
3ad05f52,training,4,2.0,3,False,False,0.2052523625799488,3,3,1.0,False,False,False,False
3bd292e8,training,4,1.0,1,True,False,0.6881377551020408,9,9,1.0,False,False,False,False
3bd67248,training,4,1.0,1,False,True,0.2712622826908541,22,22,1.0,False,False,False,False
3bdb4ada,training,4,2.0,2,False,False,0.06979166666666667,29,29,1.0,False,False,False,False
3befdf3e,training,4,1.0,1,False,False,0.38999999999999996,3,0,0.0,False,False,False,False
3c9b0459,training,4,1.0,1,True,False,0.6666666666666666,7,7,1.0,False,False,False,False
3d588dc9,training,4,1.0,1,False,False,0.021484375,4,4,1.0,False,False,False,False
3d6c6e23,training,4,4.0,6,False,True,0.07574370074370074,16,15,0.9375,False,False,False,False
3e980e27,training,4,3.5,5,False,False,0.05029585798816569,16,16,1.0,False,False,False,False
3eda0437,training,4,8.0,9,False,False,0.13159722222222223,4,4,1.0,False,False,False,False
3f23242b,training,4,1.5,2,False,True,0.219375,3,3,1.0,False,False,False,False
4093f84a,training,4,9.0,10,False,True,0.08333333333333333,38,30,0.7894736842105263,False,False,False,False
40f6cd08,training,4,3.0,3,True,False,0.09539094650205761,5,5,1.0,False,False,False,False
41ace6b5,training,4,1.0,1,True,False,0.3330169787046244,20,20,1.0,False,False,False,False
41e4d17e,training,4,1.0,1,True,False,0.1622222222222222,13,13,1.0,False,False,False,False
423a55dc,training,4,1.0,1,False,False,0.1338975310403882,14,10,0.7142857142857143,False,False,False,False
4258a5f9,training,4,3.5,4,False,True,0.345679012345679,6,6,1.0,False,False,False,False
42918530,training,4,10.0,13,False,True,0.030628595780950348,14,14,1.0,False,False,False,False
42a15761,training,4,4.0,4,False,False,0.06548019881353215,22,22,1.0,False,False,False,False
42a50994,training,4,24.0,28,False,True,0.055704914209171175,42,42,1.0,False,False,False,False
4347f46a,training,4,2.0,4,False,False,0.12094155844155845,7,7,1.0,False,False,False,False
4364c1c4,training,4,1.0,1,True,False,0.11485042735042734,22,22,1.0,False,False,False,False
444801d8,training,4,3.0,3,False,False,0.17333333333333334,11,11,1.0,False,False,False,False
447fd412,training,4,3.0,5,False,False,0.10515873015873016,4,4,1.0,False,False,False,False
44d8ac46,training,4,3.0,3,False,True,0.05208333333333333,6,6,1.0,False,False,False,False
456873bc,training,4,13.0,13,False,False,0.28141907618110085,19,19,1.0,False,False,False,False
45737921,training,4,3.0,4,True,False,0.21378859236002093,8,8,1.0,False,False,False,False
45bbe264,training,4,2.0,3,False,True,0.2907323617316749,18,18,1.0,False,False,False,False
4612dd53,training,4,8.0,10,False,True,0.0788356942203096,26,26,1.0,False,False,False,False
465b7d93,training,4,1.0,1,True,False,0.08333333333333333,6,6,1.0,False,False,False,False
46c35fc7,training,4,1.0,1,False,False,0.22448979591836735,8,5,0.625,False,False,False,False
470c91de,training,4,1.0,1,True,False,0.3225068870523416,11,11,1.0,False,False,False,False
484b58aa,training,4,1.0,1,False,False,0.09393579072532698,9,9,1.0,False,False,False,False
48634b99,training,4,1.0,1,True,False,0.022135416666666668,6,6,1.0,False,False,False,False
4938f0c2,training,4,3.0,9,False,True,0.07666666666666666,9,9,1.0,False,False,False,False
494ef9d7,training,4,9.0,16,False,False,0.10690476190476189,14,10,0.7142857142857143,False,False,False,False
496994bd,training,4,1.0,1,False,False,0.25,2,2,1.0,False,False,False,False
4a1cacc2,training,4,1.0,1,True,False,0.1357638888888889,4,4,1.0,False,False,False,False
4acc7107,training,4,4.0,4,False,False,0.365,17,12,0.7058823529411765,False,False,False,False
4b6b68e5,training,4,9.0,14,False,False,0.19877570911405495,12,7,0.5833333333333334,False,False,False,False
4c5c2cf0,training,4,8.0,8,False,False,0.12145691609977326,21,21,1.0,False,False,False,False
4cd1b7b2,training,4,2.0,2,False,False,0.3333333333333333,10,10,1.0,False,False,False,False
4df5b0ae,training,4,1.0,1,False,False,0.39999999999999997,10,10,1.0,False,False,False,False
4e45f183,training,4,9.0,9,True,False,0.12003693444136658,58,58,1.0,False,False,False,False
4e469f39,training,4,1.0,2,False,True,0.15666666666666665,4,4,1.0,False,False,False,False
4e7e0eb9,training,4,5.0,9,True,False,0.373807325330871,28,28,1.0,False,False,False,False
4f537728,training,4,49.0,49,True,True,0.11499999999999999,24,24,1.0,False,False,False,False
4ff4c9da,training,4,1.0,1,True,False,0.033679864324987936,20,20,1.0,False,False,False,False
5034a0b5,training,4,1.0,11,False,False,0.1812105522682446,25,19,0.76,False,False,False,False
50846271,training,4,20.5,44,True,False,0.02276847421584264,23,23,1.0,False,False,False,False
508bd3b6,training,4,4.0,4,False,True,0.06481481481481481,28,28,1.0,False,False,False,False
50a16a69,training,4,1.0,1,True,False,1.0,3,3,1.0,False,False,False,False
50c07299,training,4,1.0,1,True,False,0.01953125,15,15,1.0,False,False,False,False
50cb2852,training,4,3.0,3,True,False,0.11934731934731935,8,8,1.0,False,False,False,False
50f325b5,training,4,6.0,9,True,False,0.03449551537786832,11,11,1.0,False,False,False,False
5168d44c,training,4,5.0,5,False,False,0.141287284144427,6,6,1.0,False,False,False,False
516b51b7,training,4,2.0,3,True,False,0.19012099012099012,7,7,1.0,False,False,False,False
5207a7b5,training,4,1.0,1,False,True,0.3327149041434756,6,6,1.0,False,False,False,False
522fdd07,training,4,1.0,1,False,False,0.3359375,16,16,1.0,False,False,False,False
52364a65,training,4,1.0,1,False,False,0.13192531374349556,8,8,1.0,False,False,False,False
52df9849,training,4,1.0,1,True,False,0.017578125,2,2,1.0,False,False,False,False
52fd389e,training,4,2.0,2,False,False,0.28906666666666664,6,6,1.0,False,False,False,False
538b439f,training,4,1.0,1,True,False,0.15208333333333335,8,8,1.0,False,False,False,False
543a7ed5,training,4,1.0,1,True,False,0.3155555555555556,7,7,1.0,False,False,False,False
54d82841,training,4,1.0,2,False,False,0.04279761904761905,5,5,1.0,False,False,False,False
54d9e175,training,4,5.0,7,False,True,0.7889610389610391,15,0,0.0,False,False,False,False
54db823b,training,4,5.5,6,False,False,0.09,4,4,1.0,False,False,False,False
54dc2872,training,4,5.0,7,False,False,0.11538461538461539,5,2,0.4,False,False,False,False
55059096,training,4,4.0,4,False,True,0.02838064713064713,14,14,1.0,False,False,False,False
551d5bf1,training,4,5.0,5,False,True,0.1699107142857143,10,10,1.0,False,False,False,False
5521c0d9,training,4,3.0,3,False,True,0.2488888888888889,9,0,0.0,False,False,False,False
5582e5ca,training,4,1.0,1,False,True,0.6666666666666666,4,3,0.75,False,False,False,False
5623160b,training,4,1.0,1,True,False,0.16030864197530864,18,18,1.0,False,False,False,False
56dc2b01,training,4,2.0,2,False,True,0.30281862745098037,6,6,1.0,False,False,False,False
56ff96f3,training,4,3.0,4,False,True,0.25554112554112557,6,6,1.0,False,False,False,False
5751f35e,training,4,9.5,11,False,False,0.385,22,22,1.0,False,False,False,False
575b1a71,training,4,1.0,1,False,True,0.10333333333333333,19,19,1.0,False,False,False,False
5792cb4d,training,4,1.0,1,True,False,0.08,3,3,1.0,False,False,False,False
57aa92db,training,4,2.5,3,False,False,0.08057598039215685,12,12,1.0,False,False,False,False
58743b76,training,4,9.5,10,True,False,0.08319444444444445,17,17,1.0,False,False,False,False
58c02a16,training,4,1.0,2,False,False,0.42523830519862266,56,55,0.9821428571428571,False,False,False,False
58e15b12,training,4,4.0,4,False,True,0.15451793249949128,70,69,0.9857142857142858,False,False,False,False
5a5a2103,training,4,4.5,5,False,False,0.29025100344847077,54,47,0.8703703703703703,False,False,False,False
5a719d11,training,4,6.0,6,True,False,0.16723311546840958,21,21,1.0,False,False,False,False
5ad8a7c0,training,4,6.0,7,False,True,0.13333333333333333,5,5,1.0,False,False,False,False
5adee1b2,training,4,5.5,6,False,False,0.28875,4,4,1.0,False,False,False,False
5af49b42,training,4,6.0,7,False,False,0.07143326758711374,16,16,1.0,False,False,False,False
5b37cb25,training,4,1.0,1,True,False,0.027777777777777776,10,10,1.0,False,False,False,False
5b526a93,training,4,5.5,6,False,True,0.11771742189698846,10,10,1.0,False,False,False,False
5b692c0f,training,4,1.5,2,False,False,0.06466797245213875,17,13,0.7647058823529411,False,False,False,False
5c0a986e,training,4,2.0,2,False,True,0.07333333333333333,22,22,1.0,False,False,False,False
5c2c9af4,training,4,3.0,3,False,True,0.33081285444234404,17,17,1.0,False,False,False,False
5e6bbc0b,training,4,15.5,25,False,True,0.5812925170068027,36,28,0.7777777777777778,False,False,False,False
5ffb2104,training,4,5.0,5,False,False,0.37222222222222223,16,13,0.8125,False,False,False,False
60a26a3e,training,4,20.0,20,False,True,0.04374999999999999,9,9,1.0,False,False,False,False
60b61512,training,4,2.5,3,False,True,0.06790123456790123,7,7,1.0,False,False,False,False
60d73be6,training,4,1.0,1,False,False,0.16701790633608815,29,29,1.0,False,False,False,False
6150a2bd,training,4,1.0,1,False,False,0.8888888888888888,2,0,0.0,False,False,False,False
623ea044,training,4,1.0,1,False,True,0.12728647014361302,50,50,1.0,False,False,False,False
626c0bcc,training,4,1.0,2,True,False,0.31972789115646255,4,4,1.0,False,False,False,False
62ab2642,training,4,1.0,1,False,True,0.21277777777777776,6,6,1.0,False,False,False,False
62b74c02,training,4,1.0,1,False,False,0.7214285714285714,3,3,1.0,False,False,False,False
6350f1f4,training,4,3.5,6,False,False,0.3562809917355372,30,30,1.0,False,False,False,False
63613498,training,4,5.0,6,True,False,0.04,3,3,1.0,False,False,False,False
639f5a19,training,4,2.0,2,True,False,0.3780718336483932,4,4,1.0,False,False,False,False
642248e4,training,4,10.0,11,False,True,0.05518925518925519,23,23,1.0,False,False,False,False
6455b5f5,training,4,1.0,1,False,True,0.43258061383061386,11,11,1.0,False,False,False,False
64a7c07e,training,4,2.0,3,False,True,0.24074074074074073,6,0,0.0,False,False,False,False
66ac4c3b,training,4,1.0,1,True,False,0.07231404958677687,2,2,1.0,False,False,False,False
66e6c45b,training,4,1.0,1,False,True,0.5,10,10,1.0,False,False,False,False
67385a82,training,4,3.5,5,True,True,0.3083333333333333,6,6,1.0,False,True,True,True
673ef223,training,4,4.0,5,False,True,0.14412280701754385,10,5,0.5,False,False,False,False
67a3c6ac,training,4,1.0,1,True,False,0.7599206349206349,6,6,1.0,False,False,False,False
67a423a3,training,4,1.0,1,False,False,0.2824074074074074,3,0,0.0,False,False,False,False
67c52801,training,4,3.0,4,False,True,0.25510912698412697,13,10,0.7692307692307693,False,False,False,False
6855a6e4,training,4,4.0,4,False,True,0.06814814814814814,11,11,1.0,False,False,False,False
689c358e,training,4,1.0,1,False,False,0.06611570247933884,12,12,1.0,False,False,False,False
68b16354,training,4,1.0,1,True,False,0.7787755102040816,6,6,1.0,False,False,False,False
692cd3b6,training,4,2.0,2,False,False,0.32592592592592595,3,3,1.0,False,False,False,False
694f12f3,training,4,2.0,2,True,False,0.11499999999999999,4,4,1.0,False,False,False,False
696d4842,training,4,4.0,4,False,False,0.03481481481481482,12,12,1.0,False,False,False,False
69889d6e,training,4,1.5,3,False,True,0.155,4,4,1.0,False,False,False,False
6a1e5592,training,4,4.5,5,False,True,0.25333333333333335,14,14,1.0,False,False,False,False
6a980be1,training,4,1.0,1,False,False,0.41656920077972703,48,45,0.9375,False,False,False,False
6aa20dc0,training,4,1.0,1,True,False,0.07200197463355357,6,6,1.0,False,False,False,False
6ad5bdfd,training,4,7.0,7,False,False,0.36959595959595964,16,13,0.8125,False,False,False,False
6bcdb01e,training,4,1.0,1,True,False,0.3028571428571428,3,3,1.0,False,False,False,False
6c434453,training,4,5.0,5,False,False,0.18,4,0,0.0,False,False,False,False
6ca952ad,training,4,1.0,1,True,False,0.17582223167044594,14,14,1.0,False,False,False,False
6cdd2623,training,4,32.0,32,False,False,0.24921427354582434,55,51,0.9272727272727272,False,False,False,False
6cf79266,training,4,29.0,30,False,True,0.03,4,4,1.0,False,False,False,False
6d0160f0,training,4,8.0,9,False,False,0.23553719008264462,82,78,0.9512195121951219,False,False,False,False
6d58a25d,training,4,14.0,23,False,True,0.05833333333333333,9,9,1.0,False,False,False,False
6d75e8bb,training,4,1.0,1,False,True,0.1318783068783069,6,6,1.0,False,False,False,False
6df30ad6,training,4,12.0,15,False,True,0.172,54,54,1.0,False,False,False,False
6e02f1e3,training,4,1.0,1,False,False,1.0,5,5,1.0,False,False,False,False
6e19193c,training,4,2.0,2,False,True,0.07,14,14,1.0,False,False,False,False
6e82a1ae,training,4,5.0,6,True,True,0.15,15,15,1.0,False,True,True,True
6ea4a07e,training,4,2.0,3,False,True,1.0,6,0,0.0,False,False,False,False
6f8cd79b,training,4,0.0,0,False,False,0.7555555555555555,4,4,1.0,False,False,False,False
6ffe8f07,training,4,8.5,11,False,False,0.31432748538011696,16,6,0.375,False,False,False,False
705a3229,training,4,2.0,3,False,True,0.08823953823953823,16,16,1.0,False,False,False,False
712bf12e,training,4,22.0,23,False,False,0.2065934065934066,9,9,1.0,False,False,False,False
72207abc,training,4,1.0,2,False,False,0.06392417826174632,13,13,1.0,False,False,False,False
72322fa7,training,4,6.0,13,False,False,0.032100939995676835,23,23,1.0,False,False,False,False
72a961c9,training,4,1.0,1,False,False,0.07250033916700582,7,7,1.0,False,False,False,False
73c3b0d8,training,4,2.5,5,False,False,0.15240575396825395,15,6,0.4,False,False,False,False
7447852a,training,4,15.0,18,False,True,0.2333333333333333,9,9,1.0,False,False,False,False
74dd1130,training,4,1.0,1,True,False,0.5,10,10,1.0,False,False,False,False
753ea09b,training,4,1.0,1,True,False,0.19666666666666666,27,27,1.0,False,False,False,False
758abdf0,training,4,1.0,1,False,False,0.07421875,13,13,1.0,False,False,False,False
759f3fd3,training,4,1.0,1,False,True,0.435,33,33,1.0,False,False,False,False
760b3cac,training,4,3.0,3,False,False,0.09876543209876543,6,6,1.0,False,False,False,False
762cd429,training,4,1.0,1,False,False,0.6142857142857142,3,3,1.0,False,False,False,False
770cc55f,training,4,3.0,3,False,True,0.14903846153846154,4,4,1.0,False,False,False,False
776ffc46,training,4,7.0,8,True,True,0.030625,7,7,1.0,False,False,False,False
782b5218,training,4,10.0,10,False,False,0.44,40,40,1.0,False,False,False,False
78e78cff,training,4,1.0,1,True,False,0.39015151515151514,2,2,1.0,False,False,False,False
79369cc6,training,4,5.0,17,False,False,0.02270972028302205,7,5,0.7142857142857143,False,False,False,False
794b24be,training,4,2.0,3,False,False,0.4666666666666667,16,7,0.4375,False,False,False,False
7acdf6d3,training,4,1.0,1,True,False,0.027574889053254437,7,7,1.0,False,False,False,False
7b6016b9,training,4,1.0,1,False,True,0.796716189712409,13,13,1.0,False,False,False,False
7c8af763,training,4,1.0,1,False,False,0.5333333333333333,21,21,1.0,False,False,False,False
7d1f7ee8,training,4,5.0,7,True,True,0.12379662741981583,10,10,1.0,False,False,False,True
7d419a02,training,4,7.0,9,True,False,0.2373523771550087,27,27,1.0,False,False,False,False
7d7772cc,training,4,1.5,2,True,False,0.0546875,28,28,1.0,False,False,False,False
7ddcd7ec,training,4,3.0,3,False,True,0.04666666666666667,14,14,1.0,False,False,False,False
7df24a62,training,4,28.5,40,False,False,0.05434782608695653,7,7,1.0,False,False,False,False
7e02026e,training,4,18.0,19,False,True,0.09027777777777779,6,6,1.0,False,False,False,False
7e0986d6,training,4,7.5,9,False,False,0.07280219780219781,28,28,1.0,False,False,False,False
7e2bad24,training,4,6.0,7,False,False,0.0390625,30,30,1.0,False,False,False,False
7e576d6e,training,4,1.0,1,True,False,0.07740740740740741,3,3,1.0,False,False,False,False
7ec998c9,training,4,1.0,1,True,False,0.26121598639455784,6,6,1.0,False,False,False,False
7ee1c6ea,training,4,2.0,2,True,False,0.22,7,7,1.0,False,False,False,False
7f4411dc,training,4,8.0,12,False,False,0.058535352881145496,22,22,1.0,False,False,False,False
810b9b61,training,4,4.0,8,True,True,0.12345679012345678,6,6,1.0,False,True,True,True
817e6c09,training,4,6.0,9,True,True,0.14408963585434176,15,15,1.0,False,False,False,False
825aa9e9,training,4,1.0,1,True,False,0.13134920634920633,14,14,1.0,False,False,False,False
82819916,training,4,3.0,4,False,False,0.13541666666666669,8,8,1.0,False,False,False,False
83302e8f,training,4,4.0,6,False,True,0.735411459494168,36,36,1.0,False,False,False,False
833966f4,training,4,1.5,2,False,False,0.8,4,3,0.75,False,False,False,False
834ec97d,training,4,1.0,1,False,True,0.31440329218106994,9,6,0.6666666666666666,False,False,False,False
8403a5d5,training,4,1.0,1,False,True,0.3866666666666667,3,3,1.0,False,False,False,False
84551f4c,training,4,4.0,5,False,False,0.29365079365079366,16,16,1.0,False,False,False,False
845d6e51,training,4,11.0,16,True,False,0.13333333333333333,23,23,1.0,False,False,False,False
84ba50d3,training,4,1.0,1,True,False,0.12488729804747122,19,19,1.0,False,False,False,False
84db8fc4,training,4,6.5,10,False,False,0.4125,55,55,1.0,False,False,False,False
84f2aca1,training,4,3.0,5,False,True,0.041605029585798814,12,12,1.0,False,False,False,False
855e0971,training,4,1.0,1,False,False,0.06463755542702912,24,24,1.0,False,False,False,False
85b81ff1,training,4,5.0,5,False,False,0.07692307692307693,56,56,1.0,False,False,False,False
85c4e7cd,training,4,1.0,1,True,False,0.8666666666666667,6,6,1.0,False,False,False,False
85fa5666,training,4,12.0,15,False,False,0.2150366512345679,70,61,0.8714285714285714,False,False,False,False
868de0fa,training,4,3.0,5,False,True,0.16658494031221302,15,15,1.0,False,False,False,False
87ab05b8,training,4,1.0,1,False,False,0.4375,11,10,0.9090909090909091,False,False,False,False
880c1354,training,4,1.0,1,True,False,0.4635416666666667,9,9,1.0,False,False,False,False
88207623,training,4,6.0,6,False,False,0.08510044642857142,10,10,1.0,False,False,False,False
8886d717,training,4,1.0,1,True,False,0.08122895622895622,27,27,1.0,False,False,False,False
88a10436,training,4,2.0,2,False,False,0.08957231040564373,3,0,0.0,False,False,False,False
890034e9,training,4,9.0,15,False,False,0.034769463340891905,3,0,0.0,False,False,False,False
891232d6,training,4,22.0,68,False,False,0.09612974085712561,6,0,0.0,False,False,False,False
896d5239,training,4,17.0,22,False,False,0.0862179487179487,7,2,0.2857142857142857,False,False,False,False
8a371977,training,4,1.0,1,False,True,0.3820084753720936,166,166,1.0,False,False,False,False
8cb8642d,training,4,1.0,3,False,False,0.24485024779142428,5,5,1.0,False,False,False,False
8d510a79,training,4,9.5,11,False,True,0.12,15,15,1.0,False,False,False,False
8dab14c2,training,4,1.0,1,True,False,0.015585693411980177,14,14,1.0,False,False,False,False
8dae5dfc,training,4,2.0,2,True,False,0.4551564175721888,11,11,1.0,False,False,False,False
8e301a54,training,4,1.0,1,True,False,0.15666666666666668,12,12,1.0,False,False,False,False
8e5a5113,training,4,2.0,2,False,False,0.5454545454545454,6,6,1.0,False,False,False,False
8eb1be9a,training,4,1.0,1,False,True,0.40043859649122804,9,9,1.0,False,False,False,False
8ee62060,training,4,6.0,6,False,False,0.27444444444444444,26,24,0.9230769230769231,False,False,False,False
8f2ea7aa,training,4,3.0,3,False,True,0.1810699588477366,25,25,1.0,False,False,False,False
8fbca751,training,4,3.0,3,False,True,0.17247732426303855,16,16,1.0,False,False,False,False
902510d5,training,4,11.0,14,False,True,0.1299466526739254,18,15,0.8333333333333334,False,False,False,False
90347967,training,4,1.0,1,False,False,0.40094062316284534,5,4,0.8,False,False,False,False
90f3ed37,training,4,7.0,18,False,True,0.10222222222222223,17,17,1.0,False,False,False,False
913fb3ed,training,4,1.5,3,False,True,0.16840277777777776,6,6,1.0,False,False,False,False
91714a58,training,4,33.0,37,False,False,0.30859375,108,108,1.0,False,False,False,False
917bccba,training,4,1.0,1,False,False,0.2152777777777778,27,27,1.0,False,False,False,False
928ad970,training,4,5.0,5,False,True,0.18021978021978025,3,3,1.0,False,False,False,False
92e50de0,training,4,1.0,1,False,False,0.06664503826097329,51,51,1.0,False,False,False,False
9344f635,training,4,1.0,1,False,False,0.35620722054253795,12,11,0.9166666666666666,False,False,False,False
9356391f,training,4,2.0,2,False,False,0.24609375,4,4,1.0,False,False,False,False
93b581b8,training,4,1.0,1,False,False,0.3796296296296296,12,12,1.0,False,False,False,False
93c31fbe,training,4,24.0,25,False,False,0.03745090658134136,35,35,1.0,False,False,False,False
941d9a10,training,4,1.0,1,False,True,0.13999999999999999,9,9,1.0,False,False,False,False
94414823,training,4,3.0,3,False,True,0.16,3,3,1.0,False,False,False,False
9473c6fb,training,4,1.0,1,True,False,0.11979166666666667,22,22,1.0,False,False,False,False
94be5b80,training,4,2.5,3,False,False,0.12684047978165625,4,3,0.75,False,False,False,False
952a094c,training,4,1.0,1,False,False,0.08,22,22,1.0,False,False,False,False
9565186b,training,4,1.0,1,True,False,0.4722222222222222,5,5,1.0,False,False,False,False
95755ff2,training,4,20.0,22,False,False,0.17079889807162532,8,8,1.0,False,False,False,False
95990924,training,4,2.0,4,False,True,0.0637037037037037,28,28,1.0,False,False,False,False
95a58926,training,4,10.0,13,False,False,0.1376252030276798,110,110,1.0,False,False,False,False
963c33f8,training,4,1.0,1,True,False,0.08088860544217687,10,10,1.0,False,False,False,False
963f59bc,training,4,2.5,5,False,True,0.07204664022845841,11,11,1.0,False,False,False,False
96a8c0cd,training,4,8.5,15,False,True,0.12777189915347809,4,4,1.0,False,False,False,False
9720b24f,training,4,3.5,19,False,False,0.048907254361799816,7,7,1.0,False,False,False,False
97239e3d,training,4,16.0,18,False,False,0.1718569780853518,25,25,1.0,False,False,False,False
9772c176,training,4,2.0,2,False,True,0.06740673119983465,15,15,1.0,False,False,False,False
97999447,training,4,2.0,3,False,True,0.12797619047619047,5,5,1.0,False,False,False,False
97c75046,training,4,1.0,1,True,False,0.03194444444444444,6,6,1.0,False,False,False,False
981add89,training,4,1.0,1,True,False,0.12805555555555556,7,7,1.0,False,False,False,False
9841fdad,training,4,1.0,1,True,False,0.08782762691853602,7,7,1.0,False,False,False,False
984d8a3e,training,4,1.0,1,True,False,0.22999999999999998,9,9,1.0,False,False,False,False
985ae207,training,4,1.0,1,True,False,0.14333333333333334,8,8,1.0,False,False,False,False
98c475bf,training,4,1.0,8,False,False,0.119375,18,17,0.9444444444444444,False,False,False,False
98cf29f8,training,4,1.0,1,False,False,0.12235528489398458,7,6,0.8571428571428571,False,False,False,False
992798f6,training,4,2.0,2,False,True,0.050859708867521364,21,21,1.0,False,False,False,False
99306f82,training,4,4.0,5,False,True,0.22074074074074077,3,3,1.0,False,False,False,False
9968a131,training,4,2.5,4,False,False,0.3125,5,2,0.4,False,False,False,False
99caaf76,training,4,1.0,1,False,False,0.3992521367521367,21,18,0.8571428571428571,False,False,False,False
99fa7670,training,4,2.0,3,False,True,0.2589285714285714,4,4,1.0,False,False,False,False
9b2a60aa,training,4,5.0,7,False,True,0.056970762613345736,15,15,1.0,False,False,False,False
9b30e358,training,4,1.0,1,True,False,0.19,2,2,1.0,False,False,False,False
9b365c51,training,4,5.0,6,False,False,0.42804232804232806,16,16,1.0,False,False,False,False
9b4c17c4,training,4,1.0,1,True,False,0.21304001554001553,25,25,1.0,False,False,False,False
9b5080bb,training,4,1.0,1,True,False,0.023456206679269065,17,17,1.0,False,False,False,False
9bebae7a,training,4,3.0,4,False,False,0.1445944055944056,13,11,0.8461538461538461,False,False,False,False
9c1e755f,training,4,1.0,2,False,False,0.31499999999999995,5,5,1.0,False,False,False,False
9c56f360,training,4,8.0,9,False,False,0.12698412698412698,11,9,0.8181818181818182,False,False,False,False
9caba7c3,training,4,23.0,23,True,False,0.061865189289012,20,20,1.0,False,False,False,False
9caf5b84,training,4,1.0,1,False,False,0.4045138888888889,18,14,0.7777777777777778,False,False,False,False
9d9215db,training,4,4.0,5,False,True,0.08402585410895662,91,91,1.0,False,False,False,False
9ddd00f0,training,4,3.5,5,False,True,0.2522314049586777,6,6,1.0,False,False,False,False
9def23fe,training,4,9.0,9,False,True,0.2650513538748833,23,23,1.0,False,False,False,False
9dfd6313,training,4,3.0,4,False,False,0.33240740740740743,10,10,1.0,False,False,False,False
9edfc990,training,4,20.0,21,False,False,0.40976016326977865,26,26,1.0,False,False,False,False
9f27f097,training,4,1.0,1,False,False,0.15046296296296294,3,3,1.0,False,False,False,False
9f41bd9c,training,4,1.0,1,True,False,0.20687581098615918,18,18,1.0,False,False,False,False
9f5f939b,training,4,1.0,1,True,False,0.009114583333333334,4,4,1.0,False,False,False,False
9f669b64,training,4,1.0,1,True,False,0.16,10,10,1.0,False,False,False,False
9f8de559,training,4,1.0,1,True,False,0.00510204081632653,4,4,1.0,False,False,False,False
a04b2602,training,4,10.0,12,False,False,0.1843137254901961,16,8,0.5,False,False,False,False
a096bf4d,training,4,16.0,20,True,False,0.009290601924530496,11,11,1.0,False,False,False,False
a09f6c25,training,4,1.0,1,True,False,0.14985606430938028,22,22,1.0,False,False,False,False
a1570a43,training,4,5.0,5,False,False,0.20553350970017636,15,8,0.5333333333333333,False,False,False,False
a2d730bd,training,4,1.0,1,True,False,0.08595571095571096,8,8,1.0,False,False,False,False
a2fd1cf0,training,4,2.0,2,False,True,0.08619708994708995,3,3,1.0,False,False,False,False
a3f84088,training,4,1.0,1,False,True,0.3709838860295658,7,7,1.0,False,False,False,False
a406ac07,training,4,1.0,1,False,False,0.18666666666666668,14,14,1.0,False,False,False,False
a48eeaf7,training,4,4.5,5,False,True,0.07,14,14,1.0,False,False,False,False
a5313dff,training,4,3.0,4,False,True,0.13425925925925927,5,5,1.0,False,False,False,False
a57f2f04,training,4,1.0,2,False,False,0.17965796598519712,17,17,1.0,False,False,False,False
a5f85a15,training,4,7.0,10,True,True,0.09085648148148147,9,9,1.0,False,False,False,False
a61f2674,training,4,4.5,5,False,True,0.32098765432098764,9,9,1.0,False,False,False,False
a64e4611,training,4,61.0,72,False,True,0.29703703703703704,3,3,1.0,False,False,False,False
a65b410d,training,4,1.0,1,False,True,0.26171579743008316,6,6,1.0,False,False,False,False
a699fb00,training,4,10.0,11,False,True,0.06666666666666667,14,14,1.0,False,False,False,False
a78176bb,training,4,5.0,8,False,False,0.16,30,30,1.0,False,False,False,False
a79310a0,training,4,1.0,1,False,False,0.23407407407407407,3,0,0.0,False,False,False,False
a834deea,training,4,5.0,5,False,True,0.05770296101492683,11,11,1.0,False,False,False,False
a85d4709,training,4,3.0,3,False,True,1.0,4,0,0.0,False,False,False,False
a8610ef7,training,4,4.0,4,True,False,0.5833333333333334,15,15,1.0,False,False,False,False
a8d7556c,training,4,14.0,26,False,True,0.06378600823045268,13,13,1.0,False,False,False,False
a934301b,training,4,6.0,7,False,False,0.20109017966160825,10,10,1.0,False,False,False,False
a9f96cdd,training,4,1.0,1,False,True,0.25,15,15,1.0,False,False,False,False
aa18de87,training,4,7.5,12,False,True,0.2557291666666667,6,6,1.0,False,False,False,False
aa300dc3,training,4,1.0,1,False,True,0.07250000000000001,29,29,1.0,False,False,False,False
aa62e3f4,training,4,1.0,1,True,False,0.37252869897959184,2,2,1.0,False,False,False,False
aabf363d,training,4,2.0,2,False,True,0.2653061224489796,4,4,1.0,False,False,False,False
aaef0977,training,4,1.0,1,False,False,0.984375,2,2,1.0,False,False,False,False
aba27056,training,4,1.0,1,False,True,0.41005291005291006,13,13,1.0,False,False,False,False
ac0c2ac3,training,4,1.0,1,False,False,0.9356840583391811,3,3,1.0,False,False,False,False
ac0c5833,training,4,17.0,22,False,False,0.03138987508218278,22,22,1.0,False,False,False,False
ac2e8ecf,training,4,6.0,7,False,False,0.3454504582898248,20,11,0.55,False,False,False,False
ac3e2b04,training,4,2.0,3,False,False,0.1358531746031746,10,5,0.5,False,False,False,False
ac605cbb,training,4,2.0,3,False,True,0.085114274053668,16,16,1.0,False,False,False,False
ad173014,training,4,1.0,1,True,False,0.03466981736212505,16,16,1.0,False,False,False,False
ad38a9d0,training,4,1.0,1,True,False,0.32098765432098764,14,14,1.0,False,False,False,False
ad3b40cf,training,4,1.0,1,True,False,0.035945859053497946,5,5,1.0,False,False,False,False
ae3edfdc,training,4,8.0,10,False,True,0.056296296296296296,37,36,0.972972972972973,False,False,False,False
ae58858e,training,4,6.5,9,True,True,0.15208333333333332,9,9,1.0,False,True,True,True
aedd82e4,training,4,3.0,3,True,True,0.12708333333333333,6,6,1.0,False,True,True,True
af726779,training,4,1.0,1,True,False,0.05398536648536648,29,29,1.0,False,False,False,False
af902bf9,training,4,4.0,8,False,True,0.08666666666666667,4,4,1.0,False,False,False,False
b15fca0b,training,4,2.0,4,False,False,0.3926666666666666,5,5,1.0,False,False,False,False
b1948b0a,training,4,1.0,1,True,False,0.46759259259259256,12,12,1.0,False,False,False,False
b20f7c8b,training,4,5.0,5,True,False,0.2297979797979798,15,15,1.0,False,False,False,False
b230c067,training,4,3.0,3,True,True,0.22666666666666668,9,9,1.0,False,True,True,True
b25e450b,training,4,1.0,1,False,False,0.4177777777777778,11,6,0.5454545454545454,False,False,False,False
b27ca6d3,training,4,11.5,14,False,True,0.05810185185185185,3,3,1.0,False,False,False,False
b2862040,training,4,1.0,1,True,False,0.14765512265512265,8,8,1.0,False,False,False,False
b2bc3ffd,training,4,1.0,1,True,False,0.2708333333333333,13,13,1.0,False,False,False,False
b457fec5,training,4,2.0,3,True,False,0.23145797856391473,4,4,1.0,False,False,False,False
b527c5c6,training,4,2.0,2,False,False,0.25875,8,8,1.0,False,False,False,False
b548a754,training,4,2.0,2,False,False,0.18070565797838525,3,0,0.0,False,False,False,False
b5bb5719,training,4,1.0,1,True,False,0.17290249433106575,7,7,1.0,False,False,False,False
b60334d2,training,4,3.5,4,False,True,0.38888888888888884,7,0,0.0,False,False,False,False
b6afb2da,training,4,2.0,2,True,False,0.45,4,4,1.0,False,False,False,False
b7249182,training,4,2.0,2,False,True,0.13487993487993488,3,3,1.0,False,False,False,False
b7256dcd,training,4,1.0,1,True,False,0.305,3,3,1.0,False,False,False,False
b745798f,training,4,1.0,2,False,False,0.5116062986770057,17,15,0.8823529411764706,False,False,False,False
b74ca5d1,training,4,1.0,1,False,False,0.08333333333333333,75,74,0.9866666666666667,False,False,False,False
b775ac94,training,4,3.0,7,False,False,0.06505668934240362,21,21,1.0,False,False,False,False
b782dc8a,training,4,4.0,4,False,False,0.20410839160839161,7,7,1.0,False,False,False,False
b7955b3c,training,4,1.0,1,False,False,0.07771164021164022,8,8,1.0,False,False,False,False
b7f8a4d8,training,4,30.0,30,False,False,0.04898283459003099,46,46,1.0,False,False,False,False
b7fb29bc,training,4,2.0,2,False,True,0.21333333333333335,3,3,1.0,False,False,False,False
b8825c91,training,4,1.0,1,True,False,0.076171875,8,8,1.0,False,False,False,False
b8cdaf2b,training,4,1.0,1,False,False,0.13596371882086167,12,12,1.0,False,False,False,False
b942fd60,training,4,6.0,18,False,False,0.2909259259259259,6,6,1.0,False,False,False,False
b9630600,training,4,7.0,7,False,False,0.05185185185185185,53,53,1.0,False,False,False,False
ba26e723,training,4,1.0,1,True,False,0.2492041292041292,22,22,1.0,False,False,False,False
ba97ae07,training,4,1.0,1,True,False,0.0264848666290974,4,4,1.0,False,False,False,False
ba9d41b8,training,4,2.0,3,False,False,0.11334841628959276,81,81,1.0,False,False,False,False
bae5c565,training,4,1.0,1,False,False,0.4174884944115713,8,5,0.625,False,False,False,False
baf41dbf,training,4,3.0,4,False,False,0.16384729649435534,8,7,0.875,False,False,False,False
bb43febb,training,4,2.0,2,True,False,0.13,4,4,1.0,False,False,False,False
bb52a14b,training,4,42.0,44,False,False,0.01721763085399449,17,17,1.0,False,False,False,False
bc93ec48,training,4,1.0,1,True,False,0.15083333333333335,11,11,1.0,False,False,False,False
bcb3040b,training,4,20.0,31,False,False,0.06804398148148148,16,14,0.875,False,False,False,False
bd14c3bf,training,4,8.0,9,True,True,0.12288065843621399,11,11,1.0,False,False,False,False
bd283c4a,training,4,1.0,1,True,False,0.685,7,7,1.0,False,False,False,False
bd4472b8,training,4,1.0,1,False,False,0.7388888888888889,3,3,1.0,False,False,False,False
bd5af378,training,4,1.0,1,True,False,0.9154166666666667,4,4,1.0,False,False,False,False
bda2d7a6,training,4,1.0,2,False,False,1.0,3,0,0.0,False,False,False,False
bdad9b1f,training,4,2.0,2,False,True,0.19444444444444445,2,2,1.0,False,False,False,False
beb8660c,training,4,4.0,6,False,False,0.46613756613756613,8,5,0.625,False,False,False,False
bf32578f,training,4,5.0,5,False,True,0.3748148148148149,3,0,0.0,False,False,False,False
bf89d739,training,4,5.0,7,False,True,0.071841412425294,4,4,1.0,False,False,False,False
c074846d,training,4,1.0,1,False,False,0.12036281179138322,10,10,1.0,False,False,False,False
c0f76784,training,4,3.0,3,False,True,0.0949074074074074,8,8,1.0,False,False,False,False
c1d99e64,training,4,8.0,17,False,True,0.15030222615361935,4,4,1.0,False,False,False,False
c35c1b4c,training,4,3.0,3,False,False,0.08666666666666667,7,3,0.42857142857142855,False,False,False,False
c3fa4749,training,4,1.0,1,False,False,0.027100000000000003,7,4,0.5714285714285714,False,False,False,False
c444b776,training,4,9.0,9,False,False,0.07079101261926746,32,32,1.0,False,False,False,False
c4d1a9ae,training,4,11.0,21,False,False,0.38125,35,35,1.0,False,False,False,False
c6141b15,training,4,1.0,1,True,False,0.13707386363636365,27,27,1.0,False,False,False,False
c61be7dc,training,4,5.0,5,False,False,0.4187875205746224,5,2,0.4,False,False,False,False
c62e2108,training,4,6.0,6,False,False,0.19536248117728558,10,0,0.0,False,False,False,False
c6e1b8da,training,4,3.0,3,False,False,0.12749999999999997,18,14,0.7777777777777778,False,False,False,False
c7d4e6ad,training,4,2.0,2,True,False,0.125,2,2,1.0,False,False,False,False
c87289bb,training,4,6.5,7,False,True,0.2597222222222222,14,14,1.0,False,False,False,False
c8f0f002,training,4,1.0,1,True,False,0.38518518518518513,8,8,1.0,False,False,False,False
c9680e90,training,4,1.0,1,True,False,0.1778785588309398,18,18,1.0,False,False,False,False
c97c0139,training,4,1.5,2,False,True,0.18015627303553,6,6,1.0,False,False,False,False
c9f8e694,training,4,3.0,4,True,False,0.38541666666666663,5,5,1.0,False,False,False,False
caa06a1f,training,4,1.0,1,True,False,1.0,3,3,1.0,False,False,False,False
cb227835,training,4,2.0,2,False,True,0.10226525611140995,24,24,1.0,False,False,False,False
cbded52d,training,4,9.0,9,True,False,0.036458333333333336,7,7,1.0,False,False,False,False
cc9053aa,training,4,1.0,1,True,False,0.22633744855967075,3,3,1.0,False,False,False,False
ce039d91,training,4,9.0,13,True,False,0.145,26,26,1.0,False,False,False,False
ce22a75a,training,4,3.5,4,False,True,0.38888888888888884,4,0,0.0,False,False,False,False
ce9e57f2,training,4,4.0,4,True,False,0.1251469723691946,12,12,1.0,False,False,False,False
cf133acc,training,4,9.0,13,False,False,0.1051851851851852,6,6,1.0,False,False,False,False
cfb2ce5a,training,4,4.0,4,False,False,0.38999999999999996,5,5,1.0,False,False,False,False
d037b0a7,training,4,3.0,3,False,True,0.3703703703703703,3,3,1.0,False,False,False,False
d06dbe63,training,4,1.0,1,False,True,0.10946745562130178,4,4,1.0,False,False,False,False
d07ae81c,training,4,1.0,1,True,False,0.14430938457254247,90,90,1.0,False,False,False,False
d22278a0,training,4,2.0,3,False,True,0.4404759221242738,38,38,1.0,False,False,False,False
d23f8c26,training,4,4.0,7,False,False,0.3377777777777778,13,13,1.0,False,False,False,False
d255d7a7,training,4,7.0,7,False,False,0.40460246598639454,8,0,0.0,False,False,False,False
d282b262,training,4,5.0,5,False,False,0.24,19,16,0.8421052631578947,False,False,False,False
d2abd087,training,4,6.0,7,True,True,0.26333333333333336,16,16,1.0,False,True,True,True
d2acf2cb,training,4,3.0,6,False,False,0.1728395061728395,6,3,0.5,False,False,False,False
d304284e,training,4,1.0,1,False,True,0.15838509316770186,27,27,1.0,False,False,False,False
d364b489,training,4,5.5,6,False,True,0.185,37,37,1.0,False,False,False,False
d37a1ef5,training,4,4.0,5,False,True,0.22474747474747478,3,3,1.0,False,False,False,False
d406998b,training,4,12.5,14,True,True,0.16987179487179485,25,25,1.0,False,False,False,False
d43fd935,training,4,8.0,11,False,True,0.06666666666666667,7,7,1.0,False,False,False,False
d492a647,training,4,11.0,12,False,True,0.13221153846153846,49,49,1.0,False,False,False,False
d4a91cb9,training,4,2.0,2,False,True,0.10934343434343435,3,3,1.0,False,False,False,False
d4f3cd78,training,4,1.0,1,False,True,0.185,2,2,1.0,False,False,False,False
d511f180,training,4,1.0,1,True,False,0.4696296296296296,5,5,1.0,False,False,False,False
d5d6de2d,training,4,2.0,2,False,True,0.1796296296296296,5,1,0.2,False,False,False,False
d6542281,training,4,1.0,1,True,False,0.045785594475132085,10,10,1.0,False,False,False,False
d687bc17,training,4,11.0,11,False,True,0.08047619047619047,33,32,0.9696969696969697,False,False,False,False
d6ad076f,training,4,2.0,2,False,True,0.11666666666666665,3,3,1.0,False,False,False,False
d6e50e54,training,4,1.0,1,True,False,0.18574074074074073,12,12,1.0,False,False,False,False
d753a70b,training,4,1.0,1,True,False,0.14192708333333334,11,11,1.0,False,False,False,False
d89b689b,training,4,5.0,5,False,False,0.08,15,15,1.0,False,False,False,False
d8c310e9,training,4,1.0,1,False,False,0.16,3,3,1.0,False,False,False,False
d90796e8,training,4,6.0,7,False,False,0.14663643235071808,6,6,1.0,False,False,False,False
d931c21c,training,4,2.0,6,False,True,0.23725862952836638,9,9,1.0,False,False,False,False
d93c6891,training,4,1.0,1,True,False,0.08586309523809525,5,5,1.0,False,False,False,False
d94c3b52,training,4,30.0,56,True,True,0.13333333333333333,38,38,1.0,False,False,False,False
d968ffd4,training,4,1.0,1,True,False,0.614938080495356,5,5,1.0,False,False,False,False
d9f24cd1,training,4,5.5,6,False,True,0.28,6,6,1.0,False,False,False,False
da2b0fe3,training,4,2.0,2,False,True,0.10000000000000002,3,3,1.0,False,False,False,False
db3e9e38,training,4,1.0,1,False,True,0.3232142857142857,4,4,1.0,False,False,False,False
db615bd4,training,4,1.0,1,True,False,0.11093333333333333,122,122,1.0,False,False,False,False
db7260a4,training,4,3.0,3,False,True,0.092,10,10,1.0,False,False,False,False
db93a21d,training,4,3.0,3,False,True,0.4785416666666667,5,5,1.0,False,False,False,False
dbc1a6ce,training,4,8.5,13,False,True,0.15647095959595958,18,18,1.0,False,False,False,False
dc1df850,training,4,3.0,4,False,True,0.3372916666666666,4,4,1.0,False,False,False,False
dc2aa30b,training,4,9.0,9,True,False,0.33608815426997246,53,53,1.0,False,False,False,False
dc2e9a9d,training,4,3.0,3,False,True,0.08029694091075165,7,7,1.0,False,False,False,False
dc433765,training,4,2.0,2,False,True,0.10501757570403211,10,6,0.6,False,False,False,False
dc46ea44,training,4,1.0,1,True,False,0.12672176308539945,22,22,1.0,False,False,False,False
dce56571,training,4,1.0,1,True,False,0.15986531986531985,12,12,1.0,False,False,False,False
dd2401ed,training,4,9.5,13,False,False,0.15714285714285714,14,12,0.8571428571428571,False,False,False,False
ddf7fa4f,training,4,6.0,6,True,True,0.30666666666666664,9,9,1.0,False,False,False,False
ded97339,training,4,5.0,6,False,True,0.09666666666666668,8,8,1.0,False,False,False,False
df8cc377,training,4,14.0,22,False,True,0.06053945249597423,70,70,1.0,False,False,False,False
df978a02,training,4,1.0,1,False,False,0.0234375,12,12,1.0,False,False,False,False
df9fd884,training,4,1.0,1,True,False,0.09709362139917695,6,6,1.0,False,False,False,False
e048c9ed,training,4,4.5,5,False,True,0.06303030303030302,12,12,1.0,False,False,False,False
e0fb7511,training,4,2.0,3,False,True,0.10453648915187376,18,18,1.0,False,False,False,False
e179c5f4,training,4,1.0,1,False,True,0.9638888888888889,3,3,1.0,False,False,False,False
e1d2900e,training,4,13.0,18,False,True,0.02433048433048433,41,40,0.975609756097561,False,False,False,False
e2092e0c,training,4,31.0,31,False,False,0.07111111111111111,3,0,0.0,False,False,False,False
e21a174a,training,4,1.0,2,False,False,0.37294207623877956,6,2,0.3333333333333333,False,False,False,False
e21d9049,training,4,1.0,1,False,False,0.1143939393939394,7,7,1.0,False,False,False,False
e26a3af2,training,4,1.0,1,True,False,0.16208432090785033,78,78,1.0,False,False,False,False
e39e9282,training,4,1.0,1,True,False,0.10140461857633576,15,15,1.0,False,False,False,False
e3fe1151,training,4,1.0,1,False,False,0.16,12,12,1.0,False,False,False,False
e4075551,training,4,5.0,5,False,True,0.21354497354497357,14,14,1.0,False,False,False,False
e40b9e2f,training,4,2.0,2,False,False,0.049999999999999996,13,13,1.0,False,False,False,False
e41c6fd3,training,4,4.0,5,False,False,0.17890853108244412,16,13,0.8125,False,False,False,False
e45ef808,training,4,1.0,1,True,False,0.10069444444444445,4,4,1.0,False,False,False,False
e4888269,training,4,5.0,5,True,False,0.015,9,9,1.0,False,False,False,False
e48d4e1a,training,4,2.0,2,False,False,0.36249999999999993,22,20,0.9090909090909091,False,False,False,False
e4941b18,training,4,1.0,1,True,False,0.04101830508756916,9,9,1.0,False,False,False,False
e5062a87,training,4,6.0,13,False,False,0.10666666666666667,15,15,1.0,False,False,False,False
e509e548,training,4,5.0,8,True,True,0.1778879015721121,16,16,1.0,False,False,False,False
e5790162,training,4,3.0,4,False,True,0.14409722222222224,5,5,1.0,False,False,False,False
e5c44e8f,training,4,10.0,11,False,True,0.34435261707988984,4,4,1.0,False,False,False,False
e619ca6e,training,4,2.0,3,False,True,0.12370202220380579,36,36,1.0,False,False,False,False
e681b708,training,4,27.0,33,True,False,0.048742253452398375,78,78,1.0,False,False,False,False
e69241bd,training,4,15.0,20,False,False,0.28025531200134374,16,16,1.0,False,False,False,False
e729b7be,training,4,1.0,1,True,False,0.16488530052543893,3,3,1.0,False,False,False,False
e73095fd,training,4,1.0,1,False,True,0.07038316001164298,9,9,1.0,False,False,False,False
e734a0e8,training,4,12.5,16,False,False,0.07972316393007234,8,0,0.0,False,False,False,False
e74e1818,training,4,3.0,7,False,False,0.21052740133659217,19,6,0.3157894736842105,False,False,False,False
e760a62e,training,4,5.0,5,False,False,0.1732294592871516,33,33,1.0,False,False,False,False
e7639916,training,4,3.0,3,False,True,0.20218240093240092,9,9,1.0,False,False,False,False
e76a88a6,training,4,3.0,3,True,False,0.21,4,4,1.0,False,False,False,False
e7b06bea,training,4,2.0,2,False,True,0.5283333333333333,5,0,0.0,False,False,False,False
e7dd8335,training,4,1.0,1,True,False,0.15301923238431173,3,3,1.0,False,False,False,False
e8593010,training,4,2.0,2,False,True,0.26,47,47,1.0,False,False,False,False
e88171ec,training,4,13.0,15,False,False,0.027422925002564894,3,3,1.0,False,False,False,False
e8dc4411,training,4,1.0,2,True,False,0.07210012210012211,20,20,1.0,False,False,False,False
e9614598,training,4,2.0,2,False,True,0.05,2,2,1.0,False,False,False,False
e9ac8c9e,training,4,5.0,5,False,False,0.22666666666666668,15,15,1.0,False,False,False,False
e9afcf9a,training,4,1.0,1,True,False,0.5,6,6,1.0,False,False,False,False
e9bb6954,training,4,21.5,26,False,False,0.1789589767530944,51,37,0.7254901960784313,False,False,False,False
e9c9d9a1,training,4,1.0,1,False,True,0.3604288499025341,24,24,1.0,False,False,False,False
ea32f347,training,4,3.0,3,True,True,0.14,12,12,1.0,False,False,False,True
ea786f4a,training,4,1.0,1,False,False,0.33644746787603935,24,24,1.0,False,False,False,False
ea959feb,training,4,1.0,1,True,False,0.1006060606060606,15,15,1.0,False,False,False,False
ec883f72,training,4,2.0,2,False,True,0.043547453703703706,13,13,1.0,False,False,False,False
ecaa0ec1,training,4,5.0,5,False,False,0.07700068870523416,28,28,1.0,False,False,False,False
ecb67b6d,training,4,1.0,1,True,False,0.16982323232323235,11,11,1.0,False,False,False,False
ecdecbb3,training,4,3.0,4,False,False,0.10790114862513052,7,0,0.0,False,False,False,False
ed36ccf7,training,4,1.5,2,False,False,0.5,7,4,0.5714285714285714,False,False,False,False
edcc2ff0,training,4,4.0,4,False,False,0.04666666666666667,13,13,1.0,False,False,False,False
ef135b50,training,4,4.0,5,False,True,0.11,9,9,1.0,False,False,False,False
ef26cbf6,training,4,4.5,5,True,False,0.2077922077922078,11,11,1.0,False,False,False,False
f0100645,training,4,1.0,1,True,False,0.2758024691358025,16,16,1.0,False,False,False,False
f0df5ff0,training,4,30.0,34,False,False,0.13629629629629628,22,22,1.0,False,False,False,False
f0f8a26d,training,4,1.0,1,True,False,0.2912627963133014,51,51,1.0,False,False,False,False
f15e1fac,training,4,5.0,6,False,True,0.23572595704948643,28,28,1.0,False,False,False,False
f18ec8cc,training,4,1.0,1,True,False,0.8298687423687424,8,8,1.0,False,False,False,False
f1bcbc2c,training,4,1.5,2,False,False,0.1225,4,2,0.5,False,False,False,False
f1cefba8,training,4,1.0,1,False,False,0.13228993014209733,19,19,1.0,False,False,False,False
f21745ec,training,4,5.0,5,False,True,0.09646525470175504,22,22,1.0,False,False,False,False
f25ffba3,training,4,1.0,1,False,False,0.2875,2,2,1.0,False,False,False,False
f28a3cbb,training,4,1.0,1,True,False,0.2222222222222222,20,20,1.0,False,False,False,False
f341894c,training,4,1.0,1,True,False,0.04763605442176871,7,7,1.0,False,False,False,False
f35d900a,training,4,4.0,4,False,True,0.18206032412965187,28,28,1.0,False,False,False,False
f3b10344,training,4,7.0,9,False,True,0.08377777777777778,15,15,1.0,False,False,False,False
f3cdc58f,training,4,14.0,18,False,False,0.3233333333333333,33,29,0.8787878787878788,False,False,False,False
f3e14006,training,4,1.0,1,False,False,0.34375,10,6,0.6,False,False,False,False
f3e62deb,training,4,1.0,1,False,True,0.16,11,10,0.9090909090909091,False,False,False,False
f45f5ca7,training,4,2.0,4,False,True,0.1466666666666667,24,19,0.7916666666666666,False,False,False,False
f5c89df1,training,4,1.0,3,False,False,0.14990138067061143,9,3,0.3333333333333333,False,False,False,False
f76d97a5,training,4,1.0,1,False,False,1.0,3,3,1.0,False,False,False,False
f823c43c,training,4,1.0,1,True,False,0.16933479532163742,47,47,1.0,False,False,False,False
f83cb3f6,training,4,13.0,17,False,False,0.12946311858076565,48,43,0.8958333333333334,False,False,False,False
f8a8fe49,training,4,4.0,6,False,True,0.062222222222222213,16,16,1.0,False,False,False,False
f8be4b64,training,4,6.0,7,False,False,0.20505095332018408,33,33,1.0,False,False,False,False
f8c80d96,training,4,2.0,3,False,True,0.8166666666666665,10,10,1.0,False,False,False,False
f8cc533f,training,4,1.0,1,True,False,0.03248552002014606,20,20,1.0,False,False,False,False
f8f52ecc,training,4,1.0,1,True,False,0.0862962962962963,12,12,1.0,False,False,False,False
f9a67cb5,training,4,9.0,10,False,True,0.2165478312537136,3,3,1.0,False,False,False,False
f9d67f8b,training,4,1.0,1,True,False,0.05277777777777778,9,9,1.0,False,False,False,False
fafd9572,training,4,9.0,14,True,False,0.12083333333333332,15,15,1.0,False,False,False,False
fc10701f,training,4,1.0,1,True,False,0.06886574074074074,12,12,1.0,False,False,False,False
fc4aaf52,training,4,1.5,2,False,False,0.1328125,2,1,0.5,False,False,False,False
fc754716,training,4,1.0,1,False,True,0.7866666666666667,6,4,0.6666666666666666,False,False,False,False
fcc82909,training,4,2.0,3,False,False,0.12,7,7,1.0,False,False,False,False
fd02da9e,training,4,1.0,1,False,False,0.0703125,10,10,1.0,False,False,False,False
fd096ab6,training,4,1.0,1,True,False,0.029592803030303032,21,21,1.0,False,False,False,False
fd4b2b02,training,4,1.0,1,False,True,0.14929524872484648,36,36,1.0,False,False,False,False
fe45cba4,training,4,1.0,1,True,False,0.1875,4,4,1.0,False,False,False,False
fe9372f3,training,4,1.0,1,False,True,0.26696428571428577,37,37,1.0,False,False,False,False
fea12743,training,4,6.0,9,True,True,0.1875,9,9,1.0,False,False,False,False
ff2825db,training,4,4.0,6,False,False,0.5333333333333333,11,8,0.7272727272727273,False,False,False,False
ff72ca3e,training,4,2.0,9,False,True,0.2823232323232323,5,5,1.0,False,False,False,False
135a2760,evaluation,4,1.0,1,True,False,0.017432567432567433,7,7,1.0,False,False,False,False
13e47133,evaluation,4,1.0,1,False,False,0.7376282051282051,9,9,1.0,False,False,False,False
142ca369,evaluation,4,8.0,8,False,True,0.09713991769547325,110,110,1.0,False,False,False,False
16b78196,evaluation,4,5.5,7,False,False,0.09166666666666667,11,10,0.9090909090909091,False,False,False,False
16de56c4,evaluation,4,8.0,9,False,True,0.1208994708994709,18,17,0.9444444444444444,False,False,False,False
1818057f,evaluation,4,1.0,1,True,False,0.09586056644880174,12,12,1.0,False,False,False,False
195c6913,evaluation,4,1.0,4,False,False,0.12843333333333332,16,15,0.9375,False,False,False,False
1ae2feb7,evaluation,4,2.0,2,False,False,0.10218531468531468,25,25,1.0,False,False,False,False
221dfab4,evaluation,4,1.0,1,True,False,0.13949843260188088,19,19,1.0,False,False,False,False
247ef758,evaluation,4,4.0,9,False,False,0.15785714285714283,26,26,1.0,False,False,False,False
271d71e2,evaluation,4,3.0,4,False,False,0.3502418941432783,8,0,0.0,False,False,False,False
28a6681f,evaluation,4,1.0,2,False,False,0.09333333333333334,7,7,1.0,False,False,False,False
2b83f449,evaluation,4,2.0,3,True,False,0.2691157526683843,44,44,1.0,False,False,False,False
2c181942,evaluation,4,1.0,1,True,False,0.09955432865577792,27,27,1.0,False,False,False,False
31f7f899,evaluation,4,1.0,1,True,False,0.07654684753585851,14,14,1.0,False,False,False,False
332f06d7,evaluation,4,1.0,1,False,False,0.046671095521541944,8,8,1.0,False,False,False,False
35ab12c3,evaluation,4,12.0,13,False,False,0.2141358024691358,31,31,1.0,False,False,False,False
36a08778,evaluation,4,1.0,1,True,False,0.28778599046456194,6,6,1.0,False,False,False,False
3dc255db,evaluation,4,5.0,5,False,False,0.06833333333333333,16,16,1.0,False,False,False,False
3e6067c3,evaluation,4,1.0,1,True,False,0.04121768492138863,18,18,1.0,False,False,False,False
409aa875,evaluation,4,1.0,3,True,False,0.026041666666666668,18,18,1.0,False,False,False,False
446ef5d2,evaluation,4,1.0,1,False,False,0.44625,8,6,0.75,False,False,False,False
4a21e3da,evaluation,4,1.0,1,True,False,0.1728395061728395,17,17,1.0,False,False,False,False
4c3d4a41,evaluation,4,2.0,2,False,False,0.20625,8,6,0.75,False,False,False,False
4c416de3,evaluation,4,3.0,4,False,False,0.049893765529736366,33,22,0.6666666666666666,False,False,False,False
53fb4810,evaluation,4,1.0,1,True,False,0.053158345277910496,2,2,1.0,False,False,False,False
581f7754,evaluation,4,1.0,1,True,False,0.20239898989898988,25,25,1.0,False,False,False,False
5961cc34,evaluation,4,1.0,1,True,False,0.15965744400527007,7,7,1.0,False,False,False,False
62593bfd,evaluation,4,3.5,6,False,False,0.09194653299916458,23,23,1.0,False,False,False,False
64efde09,evaluation,4,1.0,1,True,False,0.135173255862911,17,17,1.0,False,False,False,False
6e453dd6,evaluation,4,5.0,6,False,False,0.2928125,29,21,0.7241379310344828,False,False,False,False
6e4f6532,evaluation,4,1.0,1,True,False,0.125,9,9,1.0,False,False,False,False
71e489b6,evaluation,4,3.0,5,False,False,0.11653041150670795,19,16,0.8421052631578947,False,False,False,False
7491f3cf,evaluation,4,1.0,6,False,False,0.06142857142857143,18,18,1.0,False,False,False,False
7666fa5d,evaluation,4,1.0,1,True,False,0.26171875,5,5,1.0,False,False,False,False
7b0280bc,evaluation,4,1.0,1,False,False,0.07351851851851852,13,11,0.8461538461538461,False,False,False,False
7b80bb43,evaluation,4,9.0,17,False,False,0.02693452380952381,16,13,0.8125,False,False,False,False
7c66cb00,evaluation,4,1.0,1,True,False,0.1037037037037037,21,21,1.0,False,False,False,False
7ed72f31,evaluation,4,1.0,1,True,False,0.05555555555555555,12,12,1.0,False,False,False,False
800d221b,evaluation,4,1.0,1,True,False,0.2675,15,15,1.0,False,False,False,False
80a900e0,evaluation,4,250.0,360,True,True,0.0751984126984127,80,80,1.0,False,False,False,False
88bcf3b4,evaluation,4,3.0,4,False,False,0.09752819472015387,29,29,1.0,False,False,False,False
88e364bc,evaluation,4,5.0,6,False,False,0.016666666666666666,20,20,1.0,False,False,False,False
8b7bacbf,evaluation,4,18.5,21,False,False,0.05138888888888889,11,11,1.0,False,False,False,False
8b9c3697,evaluation,4,1.0,1,False,False,0.0653907496012759,18,18,1.0,False,False,False,False
8e5c0c38,evaluation,4,3.5,6,False,False,0.013429752066115703,10,10,1.0,False,False,False,False
8f215267,evaluation,4,1.0,1,True,False,0.06748582230623819,39,39,1.0,False,False,False,False
8f3a5a89,evaluation,4,1.0,1,True,False,0.32973958333333336,6,6,1.0,False,False,False,False
9385bd28,evaluation,4,5.0,8,False,False,0.2641938997821351,8,8,1.0,False,False,False,False
97d7923e,evaluation,4,4.0,7,True,False,0.04111111111111112,4,4,1.0,False,False,False,False
981571dc,evaluation,4,1.0,1,False,False,0.10361111111111113,14,14,1.0,False,False,False,False
9aaea919,evaluation,4,1.0,1,False,False,0.06,18,18,1.0,False,False,False,False
9bbf930d,evaluation,4,1.0,1,True,False,0.024675659737579247,20,20,1.0,False,False,False,False
a25697e4,evaluation,4,1.0,1,True,False,0.05777777777777778,6,6,1.0,False,False,False,False
a395ee82,evaluation,4,1.0,1,True,False,0.09986225895316804,23,23,1.0,False,False,False,False
a47bf94d,evaluation,4,6.0,15,False,False,0.07184283021603595,98,98,1.0,False,False,False,False
aa4ec2a5,evaluation,4,1.0,1,True,False,0.28812974465148383,7,7,1.0,False,False,False,False
abc82100,evaluation,4,18.0,34,False,False,0.3249826388888889,101,96,0.9504950495049505,False,False,False,False
b10624e5,evaluation,4,1.0,1,True,False,0.056241426611796985,15,15,1.0,False,False,False,False
b5ca7ac4,evaluation,4,1.0,7,False,False,0.4951790633608815,21,17,0.8095238095238095,False,False,False,False
b6f77b65,evaluation,4,2.0,2,False,False,0.24166666666666664,8,3,0.375,False,False,False,False
b99e7126,evaluation,4,1.0,1,True,False,0.02933016250495442,10,10,1.0,False,False,False,False
b9e38dc0,evaluation,4,1.0,7,False,False,0.34162037037037035,4,4,1.0,False,False,False,False
c4d067a0,evaluation,4,1.0,1,True,False,0.05293005671077505,16,16,1.0,False,False,False,False
c7f57c3e,evaluation,4,1.0,1,True,False,0.05555555555555555,9,9,1.0,False,False,False,False
cb2d8a2c,evaluation,4,1.0,1,True,False,0.11431162599282202,20,20,1.0,False,False,False,False
cbebaa4b,evaluation,4,5.0,5,False,False,0.1828512396694215,7,4,0.5714285714285714,False,False,False,False
d35bdbdc,evaluation,4,7.0,8,False,False,0.26,14,14,1.0,False,False,False,False
d59b0160,evaluation,4,8.0,10,False,False,0.24088541666666666,6,0,0.0,False,False,False,False
d8e07eb2,evaluation,4,1.0,1,True,False,0.22424242424242422,19,19,1.0,False,False,False,False
da515329,evaluation,4,4.0,4,False,True,0.4710062270431588,13,13,1.0,False,False,False,False
db0c5428,evaluation,4,1.0,1,True,False,0.26359432710064634,27,27,1.0,False,False,False,False
db695cfb,evaluation,4,1.0,1,True,False,0.08130751964085298,59,59,1.0,False,False,False,False
dbff022c,evaluation,4,4.0,6,False,False,0.05194444444444444,8,8,1.0,False,False,False,False
dd6b8c4b,evaluation,4,1.0,1,True,False,0.08264462809917356,16,16,1.0,False,False,False,False
de809cff,evaluation,4,8.0,9,False,False,0.29625,31,18,0.5806451612903226,False,False,False,False
dfadab01,evaluation,4,10.0,25,False,False,0.42875,56,32,0.5714285714285714,False,False,False,False
e12f9a14,evaluation,4,1.0,1,True,False,0.12187499999999998,57,57,1.0,False,False,False,False
e3721c99,evaluation,4,12.5,14,False,True,0.24888888888888888,17,17,1.0,False,False,False,False
e376de54,evaluation,4,1.0,1,True,False,0.03515625,17,17,1.0,False,False,False,False
faa9f03d,evaluation,4,5.5,8,False,False,0.08680555555555555,32,29,0.90625,False,False,False,False
009d5c81,training,8,2.0,2,False,True,0.14591836734693878,10,10,1.0,False,False,False,False
00d62c1b,training,8,1.0,8,False,True,0.0586111111111111,11,11,1.0,False,False,False,False
00dbd492,training,8,3.0,4,False,True,0.2244499009334174,6,6,1.0,False,False,False,False
025d127b,training,8,1.5,2,False,False,0.1468253968253968,5,1,0.2,False,False,False,False
03560426,training,8,3.0,4,False,False,0.38000000000000006,9,6,0.6666666666666666,False,False,False,False
045e512c,training,8,3.0,4,False,True,0.06953892668178381,18,18,1.0,False,False,False,False
05269061,training,8,1.0,2,False,False,0.7755102040816326,5,5,1.0,False,False,False,False
05a7bcf2,training,8,6.0,6,False,False,0.2740740740740741,22,0,0.0,False,False,False,False
05f2a901,training,8,2.0,2,False,True,0.15901875901875903,4,2,0.5,False,False,False,False
0607ce86,training,8,14.0,20,False,False,0.09282406219165112,86,86,1.0,False,False,False,False
06df4c85,training,8,1.0,1,False,False,0.062035286704473856,23,23,1.0,False,False,False,False
070dd51e,training,8,10.0,10,False,True,0.07333333333333333,5,5,1.0,False,False,False,False
08ed6ac7,training,8,4.0,4,True,True,0.2777777777777778,8,8,1.0,False,False,False,False
09629e4f,training,8,1.5,2,False,False,0.4690082644628099,45,29,0.6444444444444445,False,False,False,False
0962bcdd,training,8,2.0,2,False,False,0.16666666666666666,4,4,1.0,False,False,False,False
09c534e7,training,8,3.0,3,True,False,0.06865226337448559,35,35,1.0,False,False,False,False
0a2355a6,training,8,4.0,4,True,True,0.3302540713254999,15,15,1.0,False,True,True,True
0a938d79,training,8,2.0,2,False,True,0.30933844265637744,30,30,1.0,False,False,False,False
0b17323b,training,8,3.0,3,False,True,0.011111111111111112,5,5,1.0,False,False,False,False
0becf7df,training,8,2.0,2,True,False,0.19000000000000003,3,3,1.0,False,False,False,False
0ca9ddb6,training,8,3.0,5,False,True,0.1316872427983539,20,20,1.0,False,False,False,False
0d3d703e,training,8,1.0,1,True,False,1.0,4,4,1.0,False,False,False,False
0d87d2a6,training,8,10.0,10,False,True,0.20206043956043954,3,0,0.0,False,False,False,False
0e206a2e,training,8,4.0,6,False,False,0.08667328042328043,8,8,1.0,False,False,False,False
0e671a1a,training,8,3.0,3,False,True,0.128698224852071,4,4,1.0,False,False,False,False
0f63c0b9,training,8,3.0,4,False,True,0.4222222222222222,4,4,1.0,False,False,False,False
103eff5b,training,8,2.0,2,True,False,0.15996503496503497,2,2,1.0,False,False,False,False
11852cab,training,8,1.0,6,False,False,0.03,9,9,1.0,False,False,False,False
1190bc91,training,8,3.0,3,False,False,0.6683333333333333,4,4,1.0,False,False,False,False
11dc524f,training,8,1.0,1,True,False,0.055226824457593686,7,7,1.0,False,False,False,False
11e1fe23,training,8,3.0,3,False,True,0.031818181818181815,2,2,1.0,False,False,False,False
12422b43,training,8,2.0,2,False,False,0.17024786324786326,5,5,1.0,False,False,False,False
12eac192,training,8,2.0,2,True,False,0.254265873015873,14,14,1.0,False,False,False,False
13713586,training,8,4.0,4,False,True,0.365080738177624,5,5,1.0,False,False,False,False
137f0df0,training,8,9.0,9,False,True,0.41333333333333333,3,3,1.0,False,False,False,False
13f06aa5,training,8,1.0,1,False,False,0.15126447626447626,12,12,1.0,False,False,False,False
140c817e,training,8,1.0,1,True,False,0.5598199032542467,3,3,1.0,False,False,False,False
14754a24,training,8,7.0,8,True,False,0.0391577903091061,18,18,1.0,False,False,False,False
1478ab18,training,8,1.0,1,True,False,0.203125,3,3,1.0,False,False,False,False
14b8e18c,training,8,1.0,1,True,False,0.10666666666666667,13,13,1.0,False,False,False,False
150deff5,training,8,1.0,1,True,False,0.2230218855218855,3,3,1.0,False,False,False,False
15113be4,training,8,3.0,4,True,False,0.018903591682419663,9,9,1.0,False,False,False,False
15663ba9,training,8,2.0,3,True,False,0.11195798503490811,47,47,1.0,False,False,False,False
17829a00,training,8,1.0,1,True,False,0.1953125,21,21,1.0,False,False,False,False
178fcbfb,training,8,4.0,5,False,True,0.3303077066965956,13,13,1.0,False,False,False,False
17b80ad2,training,8,12.0,23,False,False,0.11599656685971756,26,26,1.0,False,False,False,False
17b866bd,training,8,1.0,1,False,False,0.11486235119047619,10,10,1.0,False,False,False,False
17cae0c1,training,8,2.5,3,False,False,1.0,4,0,0.0,False,False,False,False
18286ef8,training,8,9.0,9,True,False,0.02701388888888889,6,6,1.0,False,False,False,False
182e5d0f,training,8,1.0,1,True,False,0.09611275476660092,5,5,1.0,False,False,False,False
18419cfa,training,8,2.0,4,False,True,0.02178185036640919,4,4,1.0,False,False,False,False
18447a8d,training,8,1.0,1,True,False,0.36473330590977654,18,18,1.0,False,False,False,False
184a9768,training,8,17.0,17,False,False,0.14875258799171842,56,56,1.0,False,False,False,False
1a07d186,training,8,7.0,8,False,True,0.03734335839598998,27,26,0.9629629629629629,False,False,False,False
1a244afd,training,8,1.0,1,True,False,0.05645833333333333,14,14,1.0,False,False,False,False
1acc24af,training,8,4.5,5,True,True,0.06423611111111112,8,8,1.0,False,False,False,False
1b59e163,training,8,1.0,1,True,False,0.13425925925925924,17,17,1.0,False,False,False,False
1b60fb0c,training,8,1.0,1,False,True,0.09333333333333334,3,3,1.0,False,False,False,False
1b8318e3,training,8,11.0,14,False,True,0.09703703703703705,29,17,0.5862068965517241,False,False,False,False
1bfc4729,training,8,2.0,2,False,True,0.5,2,2,1.0,False,False,False,False
1c02dbbe,training,8,1.0,1,False,False,0.2740740740740741,5,5,1.0,False,False,False,False
1c0d0a4b,training,8,5.0,7,False,True,0.44045584045584046,13,0,0.0,False,False,False,False
1c56ad9f,training,8,1.0,1,False,False,0.10304029304029304,41,14,0.34146341463414637,False,False,False,False
1caeab9d,training,8,3.0,3,False,False,0.16,12,12,1.0,False,False,False,False
1d0a4b61,training,8,1.0,1,False,False,0.11359999999999999,11,11,1.0,False,False,False,False
1d398264,training,8,1.0,1,False,False,0.18546296296296297,24,24,1.0,False,False,False,False
1d61978c,training,8,1.0,1,True,False,0.10546875,9,9,1.0,False,False,False,False
1da012fc,training,8,4.5,5,True,False,0.1014354066985646,7,7,1.0,False,False,False,False
1e0a9b12,training,8,3.0,4,False,False,0.29537037037037034,11,8,0.7272727272727273,False,False,False,False
1e32b0e9,training,8,6.0,6,False,True,0.13494809688581313,24,24,1.0,False,False,False,False
1e5d6875,training,8,1.0,1,True,False,0.140625,4,4,1.0,False,False,False,False
1e81d6f9,training,8,20.0,24,False,False,0.019259259259259257,13,13,1.0,False,False,False,False
1efba499,training,8,9.0,10,False,False,0.09656084656084656,42,40,0.9523809523809523,False,False,False,False
1f0c79e5,training,8,1.0,1,False,True,0.2623456790123456,4,0,0.0,False,False,False,False
1f642eb9,training,8,6.0,7,True,False,0.04666666666666667,10,10,1.0,False,False,False,False
1f876c06,training,8,8.0,8,False,True,0.09333333333333334,11,11,1.0,False,False,False,False
20981f0e,training,8,13.0,15,False,False,0.09082406241848966,15,4,0.26666666666666666,False,False,False,False
212895b5,training,8,21.0,22,False,False,0.11545092305928219,15,15,1.0,False,False,False,False
21f83797,training,8,2.0,2,False,True,0.39349112426035504,2,2,1.0,False,False,False,False
2204b7a8,training,8,7.0,8,True,True,0.04666666666666667,14,14,1.0,False,False,False,False
22168020,training,8,1.0,2,False,False,0.13999999999999999,5,5,1.0,False,False,False,False
22208ba4,training,8,1.0,1,True,False,0.20612572903492948,10,10,1.0,False,False,False,False
22233c11,training,8,1.0,2,False,True,0.04,8,8,1.0,False,False,False,False
22806e14,training,8,1.0,1,True,False,0.026041666666666668,12,12,1.0,False,False,False,False
2281f1f4,training,8,6.0,6,False,True,0.12666666666666668,24,24,1.0,False,False,False,False
228f6490,training,8,5.0,6,False,False,0.18666666666666668,12,12,1.0,False,False,False,False
22a4bbc2,training,8,1.0,1,True,False,0.24954573934837093,16,16,1.0,False,False,False,False
22eb0ac0,training,8,8.0,10,False,True,0.08,3,3,1.0,False,False,False,False
230f2e48,training,8,1.0,1,True,False,0.09120370370370372,5,5,1.0,False,False,False,False
23581191,training,8,2.0,2,False,True,0.37037037037037035,2,2,1.0,False,False,False,False
25094a63,training,8,1.0,1,True,False,0.1288888888888889,6,6,1.0,False,False,False,False
252143c9,training,8,1.0,1,False,False,0.3489627255861022,15,15,1.0,False,False,False,False
253bf280,training,8,2.5,5,False,True,0.06069786694786695,9,9,1.0,False,False,False,False
2546ccf6,training,8,1.0,1,False,False,0.022359821121431027,3,3,1.0,False,False,False,False
256b0a75,training,8,18.0,27,False,False,0.5334335114580862,3,0,0.0,False,False,False,False
25d487eb,training,8,1.0,1,False,False,0.0500925925925926,3,3,1.0,False,False,False,False
25d8a9c8,training,8,1.0,1,False,False,1.0,4,4,1.0,False,False,False,False
25ff71a9,training,8,1.0,1,False,False,0.5555555555555556,4,0,0.0,False,False,False,False
2601afb7,training,8,1.0,1,True,False,0.2875327868112861,12,12,1.0,False,False,False,False
264363fd,training,8,1.0,1,True,False,0.08851851851851851,11,11,1.0,False,False,False,False
2685904e,training,8,3.0,3,False,False,0.08333333333333333,15,15,1.0,False,False,False,False
272f95fa,training,8,1.0,1,False,True,0.41896407685881365,10,10,1.0,False,False,False,False
27a77e38,training,8,1.0,1,False,False,0.057173091458805746,3,3,1.0,False,False,False,False
28e73c20,training,8,0.0,0,False,False,0.6060151216305062,5,5,1.0,False,False,False,False
292dd178,training,8,1.0,1,True,False,0.1202020202020202,5,5,1.0,False,False,False,False
29623171,training,8,6.0,6,False,False,0.1322314049586777,23,23,1.0,False,False,False,False
29700607,training,8,4.0,4,False,False,0.1863942454851546,3,3,1.0,False,False,False,False
29c11459,training,8,2.0,2,False,True,0.16363636363636364,2,2,1.0,False,False,False,False
2a28add5,training,8,1.0,1,False,False,0.4,9,8,0.8888888888888888,False,False,False,False
2a5f8217,training,8,5.0,8,True,False,0.13288610005781723,8,8,1.0,False,False,False,False
2b01abd0,training,8,2.0,2,False,False,0.12185345518678851,6,6,1.0,False,False,False,False
2b9ef948,training,8,2.0,2,False,False,0.9948148148148149,3,0,0.0,False,False,False,False
2bcee788,training,8,1.0,1,False,True,0.9575,4,0,0.0,False,False,False,False
2bee17df,training,8,1.0,1,False,False,0.3048148148148148,3,3,1.0,False,False,False,False
2c608aff,training,8,1.0,1,True,False,0.032374338624338625,7,7,1.0,False,False,False,False
2c737e39,training,8,2.0,2,False,False,0.06759259259259259,3,0,0.0,False,False,False,False
2dd70a9a,training,8,14.0,16,False,False,0.06259259259259259,3,3,1.0,False,False,False,False
2de01db2,training,8,1.0,1,False,False,1.0,3,0,0.0,False,False,False,False
2e65ae53,training,8,4.0,4,False,False,0.16012396694214875,24,24,1.0,False,False,False,False
2f767503,training,8,1.0,1,True,False,0.04952991452991453,6,6,1.0,False,False,False,False
2faf500b,training,8,3.0,4,False,False,0.2488425925925926,18,15,0.8333333333333334,False,False,False,False
305b1341,training,8,37.0,40,False,True,0.36999999999999994,7,7,1.0,False,False,False,False
30f42897,training,8,1.0,1,True,False,0.17777777777777778,10,10,1.0,False,False,False,False
319f2597,training,8,1.0,1,False,False,0.15583333333333335,4,4,1.0,False,False,False,False
31aa019c,training,8,9.0,12,False,False,0.26333333333333336,27,25,0.9259259259259259,False,False,False,False
31adaf00,training,8,3.0,5,False,True,0.24,12,12,1.0,False,False,False,False
320afe60,training,8,1.0,1,True,False,0.19694898403032376,20,20,1.0,False,False,False,False
321b1fc6,training,8,3.5,4,False,False,0.18,7,7,1.0,False,False,False,False
32597951,training,8,10.0,33,True,False,0.03575547866205306,7,7,1.0,False,False,False,False
32e9702f,training,8,2.0,3,False,False,0.8438681027966742,3,0,0.0,False,False,False,False
332202d5,training,8,1.0,1,False,False,1.0,3,2,0.6666666666666666,False,False,False,False
332efdb3,training,8,0.0,0,False,False,0.8195985554715713,3,3,1.0,False,False,False,False
3345333e,training,8,1.0,1,False,False,0.0546875,2,2,1.0,False,False,False,False
3391f8c0,training,8,4.5,5,False,False,0.20890770449593982,14,0,0.0,False,False,False,False
33b52de3,training,8,16.5,17,True,False,0.21928166351606804,31,31,1.0,False,False,False,False
342ae2ed,training,8,1.0,1,False,False,0.0546875,8,8,1.0,False,False,False,False
342dd610,training,8,1.0,1,True,False,0.035,12,12,1.0,False,False,False,False
3490cc26,training,8,8.5,12,False,True,0.08763507326007325,7,7,1.0,False,False,False,False
34cfa167,training,8,2.5,4,False,False,0.22994366744366745,2,2,1.0,False,False,False,False
3618c87e,training,8,1.0,1,False,False,0.13333333333333333,10,10,1.0,False,False,False,False
363442ee,training,8,6.0,6,False,False,0.3333333333333333,3,0,0.0,False,False,False,False
36d67576,training,8,3.0,3,False,False,0.047337278106508875,18,18,1.0,False,False,False,False
36fdfd69,training,8,7.0,10,True,False,0.051054310613134146,10,10,1.0,False,False,False,False
37ce87bb,training,8,1.0,1,True,False,0.06277056277056277,3,3,1.0,False,False,False,False
37d3e8b2,training,8,5.0,6,True,True,0.37370242214532867,15,15,1.0,False,False,False,False
3906de3d,training,8,3.0,4,False,False,0.12666666666666668,11,10,0.9090909090909091,False,False,False,False
396d80d7,training,8,1.0,1,True,False,0.052734375,15,15,1.0,False,False,False,False
39e1d7f9,training,8,1.0,1,False,False,0.09773662551440328,20,20,1.0,False,False,False,False
3a301edc,training,8,1.0,1,False,False,0.24610409198644492,5,5,1.0,False,False,False,False
3aa6fb7a,training,8,2.5,3,False,True,0.05102040816326531,4,4,1.0,False,False,False,False
3ac3eb23,training,8,1.5,2,False,True,0.22857142857142856,3,3,1.0,False,False,False,False
3ad05f52,training,8,2.0,3,False,False,0.2052523625799488,3,3,1.0,False,False,False,False
3bd292e8,training,8,1.0,1,True,False,0.6881377551020408,9,9,1.0,False,False,False,False
3bd67248,training,8,1.0,1,False,True,0.2712622826908541,3,3,1.0,False,False,False,False
3bdb4ada,training,8,2.0,2,False,False,0.06979166666666667,29,29,1.0,False,False,False,False
3befdf3e,training,8,1.0,1,False,False,0.38999999999999996,3,0,0.0,False,False,False,False
3c9b0459,training,8,1.0,1,True,False,0.6666666666666666,6,6,1.0,False,False,False,False
3d588dc9,training,8,1.0,1,False,False,0.021484375,3,3,1.0,False,False,False,False
3d6c6e23,training,8,4.0,6,False,True,0.07574370074370074,16,15,0.9375,False,False,False,False
3e980e27,training,8,3.5,5,False,False,0.05029585798816569,8,8,1.0,False,False,False,False
3eda0437,training,8,4.5,5,False,False,0.13159722222222223,4,4,1.0,False,False,False,False
3f23242b,training,8,1.5,2,False,True,0.219375,3,3,1.0,False,False,False,False
4093f84a,training,8,9.0,10,False,True,0.08333333333333333,38,30,0.7894736842105263,False,False,False,False
40f6cd08,training,8,3.0,3,True,False,0.09539094650205761,5,5,1.0,False,False,False,False
41ace6b5,training,8,1.0,1,True,False,0.3330169787046244,20,20,1.0,False,False,False,False
41e4d17e,training,8,1.0,1,True,False,0.1622222222222222,13,13,1.0,False,False,False,False
423a55dc,training,8,1.0,1,False,False,0.1338975310403882,6,2,0.3333333333333333,False,False,False,False
4258a5f9,training,8,3.5,4,False,True,0.345679012345679,5,5,1.0,False,False,False,False
42918530,training,8,10.0,13,False,True,0.030628595780950348,14,14,1.0,False,False,False,False
42a15761,training,8,4.0,4,False,False,0.06548019881353215,22,22,1.0,False,False,False,False
42a50994,training,8,16.5,20,False,True,0.055704914209171175,42,42,1.0,False,False,False,False
4347f46a,training,8,2.0,4,False,False,0.12094155844155845,7,7,1.0,False,False,False,False
4364c1c4,training,8,1.0,1,True,False,0.11485042735042734,14,14,1.0,False,False,False,False
444801d8,training,8,2.0,2,False,False,0.17333333333333334,5,5,1.0,False,False,False,False
447fd412,training,8,3.0,5,False,False,0.10515873015873016,4,4,1.0,False,False,False,False
44d8ac46,training,8,3.0,3,False,True,0.05208333333333333,6,6,1.0,False,False,False,False
456873bc,training,8,5.0,9,False,False,0.28141907618110085,19,19,1.0,False,False,False,False
45737921,training,8,3.0,4,True,False,0.21378859236002093,8,8,1.0,False,False,False,False
45bbe264,training,8,2.0,3,False,True,0.2907323617316749,3,3,1.0,False,False,False,False
4612dd53,training,8,8.0,10,False,True,0.0788356942203096,24,24,1.0,False,False,False,False
465b7d93,training,8,1.0,1,True,False,0.08333333333333333,6,6,1.0,False,False,False,False
46c35fc7,training,8,1.0,1,False,False,0.22448979591836735,5,2,0.4,False,False,False,False
470c91de,training,8,1.0,1,True,False,0.3225068870523416,5,5,1.0,False,False,False,False
484b58aa,training,8,1.0,1,False,False,0.09393579072532698,9,9,1.0,False,False,False,False
48634b99,training,8,1.0,1,True,False,0.022135416666666668,6,6,1.0,False,False,False,False
4938f0c2,training,8,1.0,5,False,False,0.07666666666666666,6,6,1.0,False,False,False,False
494ef9d7,training,8,3.5,11,False,False,0.10690476190476189,13,9,0.6923076923076923,False,False,False,False
496994bd,training,8,1.0,1,False,False,0.25,2,2,1.0,False,False,False,False
4a1cacc2,training,8,1.0,1,True,False,0.1357638888888889,4,4,1.0,False,False,False,False
4acc7107,training,8,3.5,4,False,False,0.365,15,9,0.6,False,False,False,False
4b6b68e5,training,8,8.0,13,False,False,0.19877570911405495,12,7,0.5833333333333334,False,False,False,False
4c5c2cf0,training,8,1.0,1,False,False,0.12145691609977326,9,9,1.0,False,False,False,False
4cd1b7b2,training,8,2.0,2,False,False,0.3333333333333333,8,8,1.0,False,False,False,False
4df5b0ae,training,8,1.0,1,False,False,0.39999999999999997,9,9,1.0,False,False,False,False
4e45f183,training,8,9.0,9,True,False,0.12003693444136658,41,41,1.0,False,False,False,False
4e469f39,training,8,1.0,2,False,True,0.15666666666666665,4,4,1.0,False,False,False,False
4e7e0eb9,training,8,5.0,9,True,False,0.373807325330871,28,28,1.0,False,False,False,False
4f537728,training,8,49.0,49,True,True,0.11499999999999999,24,24,1.0,False,False,False,False
4ff4c9da,training,8,1.0,1,True,False,0.033679864324987936,11,11,1.0,False,False,False,False
5034a0b5,training,8,1.0,7,False,False,0.1812105522682446,21,16,0.7619047619047619,False,False,False,False
50846271,training,8,2.0,6,True,False,0.02276847421584264,17,17,1.0,False,False,False,False
508bd3b6,training,8,2.0,2,False,True,0.06481481481481481,3,3,1.0,False,False,False,False
50a16a69,training,8,1.0,1,True,False,1.0,3,3,1.0,False,False,False,False
50c07299,training,8,1.0,1,True,False,0.01953125,3,3,1.0,False,False,False,False
50cb2852,training,8,3.0,3,True,False,0.11934731934731935,8,8,1.0,False,False,False,False
50f325b5,training,8,1.5,2,True,False,0.03449551537786832,8,8,1.0,False,False,False,False
5168d44c,training,8,5.0,5,False,False,0.141287284144427,6,6,1.0,False,False,False,False
516b51b7,training,8,2.0,3,True,False,0.19012099012099012,7,7,1.0,False,False,False,False
5207a7b5,training,8,1.0,1,False,True,0.3327149041434756,6,6,1.0,False,False,False,False
522fdd07,training,8,1.0,1,False,False,0.3359375,16,16,1.0,False,False,False,False
52364a65,training,8,1.0,1,False,False,0.13192531374349556,8,8,1.0,False,False,False,False
52df9849,training,8,1.0,1,True,False,0.017578125,2,2,1.0,False,False,False,False
52fd389e,training,8,2.0,2,False,False,0.28906666666666664,6,6,1.0,False,False,False,False
538b439f,training,8,1.0,1,True,False,0.15208333333333335,8,8,1.0,False,False,False,False
543a7ed5,training,8,1.0,1,True,False,0.3155555555555556,7,7,1.0,False,False,False,False
54d82841,training,8,1.0,2,False,False,0.04279761904761905,5,5,1.0,False,False,False,False
54d9e175,training,8,5.0,7,False,True,0.7889610389610391,15,0,0.0,False,False,False,False
54db823b,training,8,5.5,6,False,False,0.09,4,4,1.0,False,False,False,False
54dc2872,training,8,4.5,6,False,False,0.11538461538461539,5,2,0.4,False,False,False,False
55059096,training,8,4.0,4,False,True,0.02838064713064713,5,5,1.0,False,False,False,False
551d5bf1,training,8,5.0,5,False,True,0.1699107142857143,10,10,1.0,False,False,False,False
5521c0d9,training,8,3.0,3,False,True,0.2488888888888889,9,0,0.0,False,False,False,False
5582e5ca,training,8,1.0,1,False,True,0.6666666666666666,3,2,0.6666666666666666,False,False,False,False
5623160b,training,8,1.0,1,True,False,0.16030864197530864,15,15,1.0,False,False,False,False
56dc2b01,training,8,2.0,2,False,True,0.30281862745098037,6,6,1.0,False,False,False,False
56ff96f3,training,8,3.0,4,False,True,0.25554112554112557,6,6,1.0,False,False,False,False
5751f35e,training,8,3.0,5,False,False,0.385,6,6,1.0,False,False,False,False
575b1a71,training,8,1.0,1,False,True,0.10333333333333333,19,19,1.0,False,False,False,False
5792cb4d,training,8,1.0,1,True,False,0.08,3,3,1.0,False,False,False,False
57aa92db,training,8,2.5,3,False,False,0.08057598039215685,9,9,1.0,False,False,False,False
58743b76,training,8,8.5,9,True,False,0.08319444444444445,15,15,1.0,False,False,False,False
58c02a16,training,8,1.0,2,False,False,0.42523830519862266,11,10,0.9090909090909091,False,False,False,False
58e15b12,training,8,4.0,4,False,True,0.15451793249949128,16,15,0.9375,False,False,False,False
5a5a2103,training,8,4.5,5,False,False,0.29025100344847077,36,29,0.8055555555555556,False,False,False,False
5a719d11,training,8,6.0,6,True,False,0.16723311546840958,18,18,1.0,False,False,False,False
5ad8a7c0,training,8,2.0,4,False,True,0.13333333333333333,5,5,1.0,False,False,False,False
5adee1b2,training,8,5.5,6,False,False,0.28875,4,4,1.0,False,False,False,False
5af49b42,training,8,6.0,7,False,False,0.07143326758711374,16,16,1.0,False,False,False,False
5b37cb25,training,8,1.0,1,True,False,0.027777777777777776,10,10,1.0,False,False,False,False
5b526a93,training,8,5.5,6,False,True,0.11771742189698846,10,10,1.0,False,False,False,False
5b692c0f,training,8,1.5,2,False,False,0.06466797245213875,10,5,0.5,False,False,False,False
5c0a986e,training,8,2.0,2,False,True,0.07333333333333333,6,6,1.0,False,False,False,False
5c2c9af4,training,8,3.0,3,False,True,0.33081285444234404,14,14,1.0,False,False,False,False
5e6bbc0b,training,8,1.0,1,False,False,0.5812925170068027,4,0,0.0,False,False,False,False
5ffb2104,training,8,4.0,5,False,False,0.37222222222222223,14,10,0.7142857142857143,False,False,False,False
60a26a3e,training,8,5.0,5,False,True,0.04374999999999999,9,9,1.0,False,False,False,False
60b61512,training,8,2.0,2,False,True,0.06790123456790123,6,6,1.0,False,False,False,False
60d73be6,training,8,1.0,1,False,False,0.16701790633608815,18,18,1.0,False,False,False,False
6150a2bd,training,8,1.0,1,False,False,0.8888888888888888,2,0,0.0,False,False,False,False
623ea044,training,8,1.0,1,False,True,0.12728647014361302,12,12,1.0,False,False,False,False
626c0bcc,training,8,1.0,1,True,False,0.31972789115646255,3,3,1.0,False,False,False,False
62ab2642,training,8,1.0,1,False,True,0.21277777777777776,6,6,1.0,False,False,False,False
62b74c02,training,8,1.0,1,False,False,0.7214285714285714,3,3,1.0,False,False,False,False
6350f1f4,training,8,3.5,6,False,False,0.3562809917355372,23,23,1.0,False,False,False,False
63613498,training,8,5.0,6,True,False,0.04,3,3,1.0,False,False,False,False
639f5a19,training,8,2.0,2,True,False,0.3780718336483932,4,4,1.0,False,False,False,False
642248e4,training,8,10.0,11,False,True,0.05518925518925519,23,23,1.0,False,False,False,False
6455b5f5,training,8,1.0,1,False,True,0.43258061383061386,11,11,1.0,False,False,False,False
64a7c07e,training,8,2.0,2,False,True,0.24074074074074073,5,0,0.0,False,False,False,False
66ac4c3b,training,8,1.0,1,True,False,0.07231404958677687,2,2,1.0,False,False,False,False
66e6c45b,training,8,1.0,1,False,True,0.5,2,0,0.0,False,False,False,False
67385a82,training,8,3.0,3,True,False,0.3083333333333333,6,6,1.0,False,False,False,False
673ef223,training,8,4.0,5,False,True,0.14412280701754385,10,5,0.5,False,False,False,False
67a3c6ac,training,8,1.0,1,True,False,0.7599206349206349,6,6,1.0,False,False,False,False
67a423a3,training,8,1.0,1,False,False,0.2824074074074074,3,0,0.0,False,False,False,False
67c52801,training,8,3.0,4,False,True,0.25510912698412697,12,8,0.6666666666666666,False,False,False,False
6855a6e4,training,8,4.0,4,False,True,0.06814814814814814,11,11,1.0,False,False,False,False
689c358e,training,8,1.0,1,False,False,0.06611570247933884,12,12,1.0,False,False,False,False
68b16354,training,8,1.0,1,True,False,0.7787755102040816,6,6,1.0,False,False,False,False
692cd3b6,training,8,2.0,2,False,False,0.32592592592592595,3,3,1.0,False,False,False,False
694f12f3,training,8,2.0,2,True,False,0.11499999999999999,4,4,1.0,False,False,False,False
696d4842,training,8,4.0,4,False,False,0.03481481481481482,12,12,1.0,False,False,False,False
69889d6e,training,8,1.5,3,False,True,0.155,4,4,1.0,False,False,False,False
6a1e5592,training,8,4.5,5,False,True,0.25333333333333335,13,13,1.0,False,False,False,False
6a980be1,training,8,1.0,1,False,False,0.41656920077972703,4,1,0.25,False,False,False,False
6aa20dc0,training,8,1.0,1,True,False,0.07200197463355357,5,5,1.0,False,False,False,False
6ad5bdfd,training,8,5.0,6,False,False,0.36959595959595964,12,9,0.75,False,False,False,False
6bcdb01e,training,8,1.0,1,True,False,0.3028571428571428,2,2,1.0,False,False,False,False
6c434453,training,8,4.5,5,False,False,0.18,4,0,0.0,False,False,False,False
6ca952ad,training,8,1.0,1,True,False,0.17582223167044594,13,13,1.0,False,False,False,False
6cdd2623,training,8,23.0,27,False,False,0.24921427354582434,40,36,0.9,False,False,False,False
6cf79266,training,8,3.0,3,False,True,0.03,4,4,1.0,False,False,False,False
6d0160f0,training,8,3.5,6,False,False,0.23553719008264462,50,46,0.92,False,False,False,False
6d58a25d,training,8,12.0,21,False,True,0.05833333333333333,9,9,1.0,False,False,False,False
6d75e8bb,training,8,1.0,1,False,True,0.1318783068783069,6,6,1.0,False,False,False,False
6df30ad6,training,8,11.0,15,False,False,0.172,52,52,1.0,False,False,False,False
6e02f1e3,training,8,1.0,1,False,False,1.0,5,5,1.0,False,False,False,False
6e19193c,training,8,2.0,2,False,True,0.07,4,4,1.0,False,False,False,False
6e82a1ae,training,8,5.0,6,True,True,0.15,15,15,1.0,False,True,True,True
6ea4a07e,training,8,1.0,1,False,True,1.0,6,0,0.0,False,False,False,False
6f8cd79b,training,8,0.0,0,False,False,0.7555555555555555,4,4,1.0,False,False,False,False
6ffe8f07,training,8,8.5,11,False,False,0.31432748538011696,4,0,0.0,False,False,False,False
705a3229,training,8,2.0,3,False,True,0.08823953823953823,8,8,1.0,False,False,False,False
712bf12e,training,8,16.0,16,False,False,0.2065934065934066,9,9,1.0,False,False,False,False
72207abc,training,8,1.0,2,False,False,0.06392417826174632,13,13,1.0,False,False,False,False
72322fa7,training,8,6.0,6,False,False,0.032100939995676835,17,17,1.0,False,False,False,False
72a961c9,training,8,1.0,1,False,False,0.07250033916700582,7,7,1.0,False,False,False,False
73c3b0d8,training,8,2.5,5,False,False,0.15240575396825395,7,0,0.0,False,False,False,False
7447852a,training,8,1.0,1,False,True,0.2333333333333333,9,9,1.0,False,False,False,False
74dd1130,training,8,1.0,1,True,False,0.5,4,4,1.0,False,False,False,False
753ea09b,training,8,1.0,1,True,False,0.19666666666666666,8,8,1.0,False,False,False,False
758abdf0,training,8,1.0,1,False,False,0.07421875,13,13,1.0,False,False,False,False
759f3fd3,training,8,1.0,1,False,True,0.435,33,33,1.0,False,False,False,False
760b3cac,training,8,1.0,2,False,False,0.09876543209876543,3,3,1.0,False,False,False,False
762cd429,training,8,1.0,1,False,False,0.6142857142857142,3,3,1.0,False,False,False,False
770cc55f,training,8,3.0,3,False,True,0.14903846153846154,4,4,1.0,False,False,False,False
776ffc46,training,8,7.0,8,True,True,0.030625,7,7,1.0,False,False,False,False
782b5218,training,8,4.0,5,False,False,0.44,18,16,0.8888888888888888,False,False,False,False
78e78cff,training,8,1.0,1,True,False,0.39015151515151514,2,2,1.0,False,False,False,False
79369cc6,training,8,2.0,4,False,False,0.02270972028302205,5,2,0.4,False,False,False,False
794b24be,training,8,1.0,3,False,False,0.4666666666666667,13,4,0.3076923076923077,False,False,False,False
7acdf6d3,training,8,1.0,1,True,False,0.027574889053254437,7,7,1.0,False,False,False,False
7b6016b9,training,8,1.0,1,False,True,0.796716189712409,13,13,1.0,False,False,False,False
7c8af763,training,8,1.0,1,False,False,0.5333333333333333,21,21,1.0,False,False,False,False
7d1f7ee8,training,8,5.0,7,True,True,0.12379662741981583,10,10,1.0,False,False,False,True
7d419a02,training,8,7.0,7,True,False,0.2373523771550087,27,27,1.0,False,False,False,False
7d7772cc,training,8,1.5,2,True,False,0.0546875,28,28,1.0,False,False,False,False
7ddcd7ec,training,8,1.0,1,False,True,0.04666666666666667,5,5,1.0,False,False,False,False
7df24a62,training,8,24.5,35,False,False,0.05434782608695653,7,7,1.0,False,False,False,False
7e02026e,training,8,2.0,5,False,True,0.09027777777777779,6,6,1.0,False,False,False,False
7e0986d6,training,8,7.0,8,False,False,0.07280219780219781,28,28,1.0,False,False,False,False
7e2bad24,training,8,2.0,3,False,False,0.0390625,3,1,0.3333333333333333,False,False,False,False
7e576d6e,training,8,1.0,1,True,False,0.07740740740740741,3,3,1.0,False,False,False,False
7ec998c9,training,8,1.0,1,True,False,0.26121598639455784,6,6,1.0,False,False,False,False
7ee1c6ea,training,8,1.0,1,True,False,0.22,4,4,1.0,False,False,False,False
7f4411dc,training,8,7.0,12,False,False,0.058535352881145496,22,22,1.0,False,False,False,False
810b9b61,training,8,4.0,8,True,True,0.12345679012345678,6,6,1.0,False,True,True,True
817e6c09,training,8,5.0,8,True,False,0.14408963585434176,15,15,1.0,False,False,False,False
825aa9e9,training,8,1.0,1,True,False,0.13134920634920633,13,13,1.0,False,False,False,False
82819916,training,8,3.0,4,False,False,0.13541666666666669,8,8,1.0,False,False,False,False
83302e8f,training,8,4.0,6,False,True,0.735411459494168,36,36,1.0,False,False,False,False
833966f4,training,8,1.5,2,False,False,0.8,4,3,0.75,False,False,False,False
834ec97d,training,8,1.0,1,False,True,0.31440329218106994,9,6,0.6666666666666666,False,False,False,False
8403a5d5,training,8,1.0,1,False,True,0.3866666666666667,3,3,1.0,False,False,False,False
84551f4c,training,8,4.0,5,False,False,0.29365079365079366,4,0,0.0,False,False,False,False
845d6e51,training,8,11.0,16,True,False,0.13333333333333333,23,23,1.0,False,False,False,False
84ba50d3,training,8,1.0,1,True,False,0.12488729804747122,19,19,1.0,False,False,False,False
84db8fc4,training,8,1.0,1,False,False,0.4125,18,18,1.0,False,False,False,False
84f2aca1,training,8,3.0,5,False,True,0.041605029585798814,12,12,1.0,False,False,False,False
855e0971,training,8,1.0,1,False,False,0.06463755542702912,24,24,1.0,False,False,False,False
85b81ff1,training,8,5.0,5,False,False,0.07692307692307693,56,56,1.0,False,False,False,False
85c4e7cd,training,8,1.0,1,True,False,0.8666666666666667,6,6,1.0,False,False,False,False
85fa5666,training,8,1.5,3,False,False,0.2150366512345679,19,8,0.42105263157894735,False,False,False,False
868de0fa,training,8,2.0,5,False,True,0.16658494031221302,15,15,1.0,False,False,False,False
87ab05b8,training,8,1.0,1,False,False,0.4375,7,6,0.8571428571428571,False,False,False,False
880c1354,training,8,1.0,1,True,False,0.4635416666666667,9,9,1.0,False,False,False,False
88207623,training,8,4.0,4,False,False,0.08510044642857142,5,5,1.0,False,False,False,False
8886d717,training,8,1.0,1,True,False,0.08122895622895622,22,22,1.0,False,False,False,False
88a10436,training,8,2.0,2,False,False,0.08957231040564373,3,0,0.0,False,False,False,False
890034e9,training,8,2.0,4,False,False,0.034769463340891905,3,0,0.0,False,False,False,False
891232d6,training,8,20.0,53,False,False,0.09612974085712561,6,0,0.0,False,False,False,False
896d5239,training,8,3.0,7,False,False,0.0862179487179487,7,2,0.2857142857142857,False,False,False,False
8a371977,training,8,1.0,1,False,True,0.3820084753720936,166,166,1.0,False,False,False,False
8cb8642d,training,8,1.0,3,False,False,0.24485024779142428,5,5,1.0,False,False,False,False
8d510a79,training,8,9.5,11,False,True,0.12,15,15,1.0,False,False,False,False
8dab14c2,training,8,1.0,1,True,False,0.015585693411980177,14,14,1.0,False,False,False,False
8dae5dfc,training,8,2.0,2,True,False,0.4551564175721888,11,11,1.0,False,False,False,False
8e301a54,training,8,1.0,1,True,False,0.15666666666666668,12,12,1.0,False,False,False,False
8e5a5113,training,8,2.0,2,False,False,0.5454545454545454,6,6,1.0,False,False,False,False
8eb1be9a,training,8,1.0,1,False,True,0.40043859649122804,9,9,1.0,False,False,False,False
8ee62060,training,8,1.0,5,False,False,0.27444444444444444,12,10,0.8333333333333334,False,False,False,False
8f2ea7aa,training,8,1.0,2,False,True,0.1810699588477366,11,11,1.0,False,False,False,False
8fbca751,training,8,1.0,2,False,True,0.17247732426303855,12,12,1.0,False,False,False,False
902510d5,training,8,6.0,7,False,True,0.1299466526739254,18,15,0.8333333333333334,False,False,False,False
90347967,training,8,1.0,1,False,False,0.40094062316284534,5,4,0.8,False,False,False,False
90f3ed37,training,8,3.0,4,False,True,0.10222222222222223,7,7,1.0,False,False,False,False
913fb3ed,training,8,1.5,3,False,True,0.16840277777777776,6,6,1.0,False,False,False,False
91714a58,training,8,13.0,24,False,False,0.30859375,57,57,1.0,False,False,False,False
917bccba,training,8,1.0,1,False,False,0.2152777777777778,24,24,1.0,False,False,False,False
928ad970,training,8,5.0,5,False,True,0.18021978021978025,3,3,1.0,False,False,False,False
92e50de0,training,8,1.0,1,False,False,0.06664503826097329,27,27,1.0,False,False,False,False
9344f635,training,8,1.0,1,False,False,0.35620722054253795,9,8,0.8888888888888888,False,False,False,False
9356391f,training,8,2.0,2,False,False,0.24609375,4,4,1.0,False,False,False,False
93b581b8,training,8,1.0,1,False,False,0.3796296296296296,12,12,1.0,False,False,False,False
93c31fbe,training,8,18.0,18,False,False,0.03745090658134136,25,25,1.0,False,False,False,False
941d9a10,training,8,1.0,1,False,True,0.13999999999999999,9,9,1.0,False,False,False,False
94414823,training,8,1.0,1,False,False,0.16,3,3,1.0,False,False,False,False
9473c6fb,training,8,1.0,1,True,False,0.11979166666666667,22,22,1.0,False,False,False,False
94be5b80,training,8,2.0,2,False,False,0.12684047978165625,4,3,0.75,False,False,False,False
952a094c,training,8,1.0,1,False,False,0.08,22,22,1.0,False,False,False,False
9565186b,training,8,1.0,1,True,False,0.4722222222222222,5,5,1.0,False,False,False,False
95755ff2,training,8,2.0,2,False,False,0.17079889807162532,6,6,1.0,False,False,False,False
95990924,training,8,2.0,4,False,True,0.0637037037037037,26,26,1.0,False,False,False,False
95a58926,training,8,7.0,9,False,False,0.1376252030276798,90,90,1.0,False,False,False,False
963c33f8,training,8,1.0,1,True,False,0.08088860544217687,10,10,1.0,False,False,False,False
963f59bc,training,8,2.5,3,False,True,0.07204664022845841,11,11,1.0,False,False,False,False
96a8c0cd,training,8,8.5,15,False,True,0.12777189915347809,4,4,1.0,False,False,False,False
9720b24f,training,8,2.5,4,False,False,0.048907254361799816,6,6,1.0,False,False,False,False
97239e3d,training,8,13.0,13,False,False,0.1718569780853518,21,21,1.0,False,False,False,False
9772c176,training,8,2.0,2,False,True,0.06740673119983465,15,15,1.0,False,False,False,False
97999447,training,8,2.0,3,False,True,0.12797619047619047,5,5,1.0,False,False,False,False
97c75046,training,8,1.0,1,True,False,0.03194444444444444,6,6,1.0,False,False,False,False
981add89,training,8,1.0,1,True,False,0.12805555555555556,7,7,1.0,False,False,False,False
9841fdad,training,8,1.0,1,True,False,0.08782762691853602,7,7,1.0,False,False,False,False
984d8a3e,training,8,1.0,1,True,False,0.22999999999999998,8,8,1.0,False,False,False,False
985ae207,training,8,1.0,1,True,False,0.14333333333333334,8,8,1.0,False,False,False,False
98c475bf,training,8,1.0,1,False,False,0.119375,7,6,0.8571428571428571,False,False,False,False
98cf29f8,training,8,1.0,1,False,False,0.12235528489398458,5,3,0.6,False,False,False,False
992798f6,training,8,2.0,2,False,True,0.050859708867521364,4,4,1.0,False,False,False,False
99306f82,training,8,1.0,1,False,False,0.22074074074074077,3,3,1.0,False,False,False,False
9968a131,training,8,1.0,1,False,False,0.3125,5,2,0.4,False,False,False,False
99caaf76,training,8,1.0,1,False,False,0.3992521367521367,9,6,0.6666666666666666,False,False,False,False
99fa7670,training,8,2.0,3,False,True,0.2589285714285714,4,4,1.0,False,False,False,False
9b2a60aa,training,8,5.0,5,False,True,0.056970762613345736,9,9,1.0,False,False,False,False
9b30e358,training,8,1.0,1,True,False,0.19,2,2,1.0,False,False,False,False
9b365c51,training,8,5.0,6,False,False,0.42804232804232806,15,15,1.0,False,False,False,False
9b4c17c4,training,8,1.0,1,True,False,0.21304001554001553,23,23,1.0,False,False,False,False
9b5080bb,training,8,1.0,1,True,False,0.023456206679269065,17,17,1.0,False,False,False,False
9bebae7a,training,8,2.0,2,False,False,0.1445944055944056,8,6,0.75,False,False,False,False
9c1e755f,training,8,1.0,2,False,False,0.31499999999999995,5,5,1.0,False,False,False,False
9c56f360,training,8,4.0,6,False,False,0.12698412698412698,9,6,0.6666666666666666,False,False,False,False
9caba7c3,training,8,5.0,7,True,False,0.061865189289012,12,12,1.0,False,False,False,False
9caf5b84,training,8,1.0,1,False,False,0.4045138888888889,9,7,0.7777777777777778,False,False,False,False
9d9215db,training,8,4.0,5,False,True,0.08402585410895662,91,91,1.0,False,False,False,False
9ddd00f0,training,8,3.5,5,False,True,0.2522314049586777,6,6,1.0,False,False,False,False
9def23fe,training,8,9.0,9,False,True,0.2650513538748833,20,20,1.0,False,False,False,False
9dfd6313,training,8,1.0,1,False,False,0.33240740740740743,6,2,0.3333333333333333,False,False,False,False
9edfc990,training,8,4.0,10,False,False,0.40976016326977865,11,11,1.0,False,False,False,False
9f27f097,training,8,1.0,1,False,False,0.15046296296296294,3,3,1.0,False,False,False,False
9f41bd9c,training,8,1.0,1,True,False,0.20687581098615918,2,2,1.0,False,False,False,False
9f5f939b,training,8,1.0,1,True,False,0.009114583333333334,4,4,1.0,False,False,False,False
9f669b64,training,8,1.0,1,True,False,0.16,10,10,1.0,False,False,False,False
9f8de559,training,8,1.0,1,True,False,0.00510204081632653,4,4,1.0,False,False,False,False
a04b2602,training,8,7.0,10,False,False,0.1843137254901961,16,8,0.5,False,False,False,False
a096bf4d,training,8,16.0,20,True,False,0.009290601924530496,11,11,1.0,False,False,False,False
a09f6c25,training,8,1.0,1,True,False,0.14985606430938028,22,22,1.0,False,False,False,False
a1570a43,training,8,4.0,4,False,False,0.20553350970017636,6,1,0.16666666666666666,False,False,False,False
a2d730bd,training,8,1.0,1,True,False,0.08595571095571096,8,8,1.0,False,False,False,False
a2fd1cf0,training,8,2.0,2,False,True,0.08619708994708995,3,3,1.0,False,False,False,False
a3f84088,training,8,1.0,1,False,True,0.3709838860295658,7,7,1.0,False,False,False,False
a406ac07,training,8,1.0,1,False,False,0.18666666666666668,3,3,1.0,False,False,False,False
a48eeaf7,training,8,4.5,5,False,True,0.07,12,11,0.9166666666666666,False,False,False,False
a5313dff,training,8,3.0,4,False,True,0.13425925925925927,5,5,1.0,False,False,False,False
a57f2f04,training,8,1.0,1,False,False,0.17965796598519712,5,5,1.0,False,False,False,False
a5f85a15,training,8,2.0,2,True,False,0.09085648148148147,9,9,1.0,False,False,False,False
a61f2674,training,8,4.5,5,False,True,0.32098765432098764,9,9,1.0,False,False,False,False
a64e4611,training,8,19.0,19,False,True,0.29703703703703704,3,3,1.0,False,False,False,False
a65b410d,training,8,1.0,1,False,True,0.26171579743008316,6,6,1.0,False,False,False,False
a699fb00,training,8,10.0,11,False,True,0.06666666666666667,14,14,1.0,False,False,False,False
a78176bb,training,8,1.0,1,False,False,0.16,3,0,0.0,False,False,False,False
a79310a0,training,8,1.0,1,False,False,0.23407407407407407,3,0,0.0,False,False,False,False
a834deea,training,8,5.0,5,False,True,0.05770296101492683,7,7,1.0,False,False,False,False
a85d4709,training,8,1.0,1,False,False,1.0,4,0,0.0,False,False,False,False
a8610ef7,training,8,1.5,2,True,False,0.5833333333333334,6,6,1.0,False,False,False,False
a8d7556c,training,8,4.0,5,False,True,0.06378600823045268,13,13,1.0,False,False,False,False
a934301b,training,8,6.0,7,False,False,0.20109017966160825,10,10,1.0,False,False,False,False
a9f96cdd,training,8,1.0,1,False,True,0.25,4,0,0.0,False,False,False,False
aa18de87,training,8,1.0,1,False,True,0.2557291666666667,4,4,1.0,False,False,False,False
aa300dc3,training,8,1.0,1,False,True,0.07250000000000001,4,4,1.0,False,False,False,False
aa62e3f4,training,8,1.0,1,True,False,0.37252869897959184,2,2,1.0,False,False,False,False
aabf363d,training,8,2.0,2,False,True,0.2653061224489796,4,4,1.0,False,False,False,False
aaef0977,training,8,1.0,1,False,False,0.984375,2,2,1.0,False,False,False,False
aba27056,training,8,1.0,1,False,True,0.41005291005291006,3,3,1.0,False,False,False,False
ac0c2ac3,training,8,1.0,1,False,False,0.9356840583391811,3,3,1.0,False,False,False,False
ac0c5833,training,8,16.0,22,False,False,0.03138987508218278,17,17,1.0,False,False,False,False
ac2e8ecf,training,8,5.0,6,False,False,0.3454504582898248,17,9,0.5294117647058824,False,False,False,False
ac3e2b04,training,8,2.0,3,False,False,0.1358531746031746,10,5,0.5,False,False,False,False
ac605cbb,training,8,2.0,3,False,True,0.085114274053668,11,11,1.0,False,False,False,False
ad173014,training,8,1.0,1,True,False,0.03466981736212505,10,10,1.0,False,False,False,False
ad38a9d0,training,8,1.0,1,True,False,0.32098765432098764,12,12,1.0,False,False,False,False
ad3b40cf,training,8,1.0,1,True,False,0.035945859053497946,5,5,1.0,False,False,False,False
ae3edfdc,training,8,8.0,10,False,True,0.056296296296296296,24,23,0.9583333333333334,False,False,False,False
ae58858e,training,8,6.5,8,True,True,0.15208333333333332,9,9,1.0,False,True,True,True
aedd82e4,training,8,2.0,3,True,False,0.12708333333333333,5,5,1.0,False,False,False,False
af726779,training,8,1.0,1,True,False,0.05398536648536648,29,29,1.0,False,False,False,False
af902bf9,training,8,4.0,8,False,True,0.08666666666666667,4,4,1.0,False,False,False,False
b15fca0b,training,8,2.0,4,False,False,0.3926666666666666,5,5,1.0,False,False,False,False
b1948b0a,training,8,1.0,1,True,False,0.46759259259259256,5,5,1.0,False,False,False,False
b20f7c8b,training,8,5.0,5,True,False,0.2297979797979798,12,12,1.0,False,False,False,False
b230c067,training,8,3.0,3,True,True,0.22666666666666668,9,9,1.0,False,True,True,True
b25e450b,training,8,1.0,1,False,False,0.4177777777777778,7,4,0.5714285714285714,False,False,False,False
b27ca6d3,training,8,11.5,14,False,True,0.05810185185185185,3,3,1.0,False,False,False,False
b2862040,training,8,1.0,1,True,False,0.14765512265512265,8,8,1.0,False,False,False,False
b2bc3ffd,training,8,1.0,1,True,False,0.2708333333333333,13,13,1.0,False,False,False,False
b457fec5,training,8,2.0,3,True,False,0.23145797856391473,4,4,1.0,False,False,False,False
b527c5c6,training,8,2.0,2,False,False,0.25875,8,8,1.0,False,False,False,False
b548a754,training,8,2.0,2,False,False,0.18070565797838525,3,0,0.0,False,False,False,False
b5bb5719,training,8,1.0,1,True,False,0.17290249433106575,7,7,1.0,False,False,False,False
b60334d2,training,8,3.5,4,False,True,0.38888888888888884,6,0,0.0,False,False,False,False
b6afb2da,training,8,2.0,2,True,False,0.45,4,4,1.0,False,False,False,False
b7249182,training,8,2.0,2,False,True,0.13487993487993488,3,3,1.0,False,False,False,False
b7256dcd,training,8,1.0,1,True,False,0.305,3,3,1.0,False,False,False,False
b745798f,training,8,1.0,2,False,False,0.5116062986770057,16,14,0.875,False,False,False,False
b74ca5d1,training,8,1.0,1,False,False,0.08333333333333333,28,27,0.9642857142857143,False,False,False,False
b775ac94,training,8,2.0,3,False,False,0.06505668934240362,9,9,1.0,False,False,False,False
b782dc8a,training,8,4.0,4,False,False,0.20410839160839161,7,7,1.0,False,False,False,False
b7955b3c,training,8,1.0,1,False,False,0.07771164021164022,8,8,1.0,False,False,False,False
b7f8a4d8,training,8,30.0,30,False,False,0.04898283459003099,46,46,1.0,False,False,False,False
b7fb29bc,training,8,2.0,2,False,True,0.21333333333333335,3,3,1.0,False,False,False,False
b8825c91,training,8,1.0,1,True,False,0.076171875,8,8,1.0,False,False,False,False
b8cdaf2b,training,8,1.0,1,False,False,0.13596371882086167,8,8,1.0,False,False,False,False
b942fd60,training,8,6.0,17,False,False,0.2909259259259259,6,6,1.0,False,False,False,False
b9630600,training,8,7.0,7,False,False,0.05185185185185185,17,5,0.29411764705882354,False,False,False,False
ba26e723,training,8,1.0,1,True,False,0.2492041292041292,22,22,1.0,False,False,False,False
ba97ae07,training,8,1.0,1,True,False,0.0264848666290974,4,4,1.0,False,False,False,False
ba9d41b8,training,8,2.0,3,False,False,0.11334841628959276,6,6,1.0,False,False,False,False
bae5c565,training,8,1.0,1,False,False,0.4174884944115713,8,5,0.625,False,False,False,False
baf41dbf,training,8,3.0,4,False,False,0.16384729649435534,3,0,0.0,False,False,False,False
bb43febb,training,8,2.0,2,True,False,0.13,4,4,1.0,False,False,False,False
bb52a14b,training,8,31.0,35,False,False,0.01721763085399449,11,11,1.0,False,False,False,False
bc93ec48,training,8,1.0,1,True,False,0.15083333333333335,11,11,1.0,False,False,False,False
bcb3040b,training,8,6.0,11,False,False,0.06804398148148148,3,0,0.0,False,False,False,False
bd14c3bf,training,8,8.0,9,True,True,0.12288065843621399,11,11,1.0,False,False,False,False
bd283c4a,training,8,1.0,1,True,False,0.685,3,3,1.0,False,False,False,False
bd4472b8,training,8,1.0,1,False,False,0.7388888888888889,3,3,1.0,False,False,False,False
bd5af378,training,8,1.0,1,True,False,0.9154166666666667,4,4,1.0,False,False,False,False
bda2d7a6,training,8,1.0,2,False,False,1.0,3,0,0.0,False,False,False,False
bdad9b1f,training,8,2.0,2,False,True,0.19444444444444445,2,2,1.0,False,False,False,False
beb8660c,training,8,4.0,6,False,False,0.46613756613756613,7,4,0.5714285714285714,False,False,False,False
bf32578f,training,8,1.0,1,False,True,0.3748148148148149,3,0,0.0,False,False,False,False
bf89d739,training,8,5.0,7,False,True,0.071841412425294,4,4,1.0,False,False,False,False
c074846d,training,8,1.0,1,False,False,0.12036281179138322,5,0,0.0,False,False,False,False
c0f76784,training,8,3.0,3,False,True,0.0949074074074074,8,8,1.0,False,False,False,False
c1d99e64,training,8,7.0,9,False,True,0.15030222615361935,4,4,1.0,False,False,False,False
c35c1b4c,training,8,1.0,2,False,False,0.08666666666666667,5,1,0.2,False,False,False,False
c3fa4749,training,8,1.0,1,False,False,0.027100000000000003,7,4,0.5714285714285714,False,False,False,False
c444b776,training,8,7.0,7,False,False,0.07079101261926746,24,24,1.0,False,False,False,False
c4d1a9ae,training,8,4.0,7,False,False,0.38125,14,14,1.0,False,False,False,False
c6141b15,training,8,1.0,1,True,False,0.13707386363636365,6,6,1.0,False,False,False,False
c61be7dc,training,8,5.0,5,False,False,0.4187875205746224,3,0,0.0,False,False,False,False
c62e2108,training,8,6.0,6,False,False,0.19536248117728558,5,0,0.0,False,False,False,False
c6e1b8da,training,8,3.0,3,False,False,0.12749999999999997,14,8,0.5714285714285714,False,False,False,False
c7d4e6ad,training,8,2.0,2,True,False,0.125,2,2,1.0,False,False,False,False
c87289bb,training,8,6.5,7,False,True,0.2597222222222222,14,14,1.0,False,False,False,False
c8f0f002,training,8,1.0,1,True,False,0.38518518518518513,7,7,1.0,False,False,False,False
c9680e90,training,8,1.0,1,True,False,0.1778785588309398,16,16,1.0,False,False,False,False
c97c0139,training,8,1.5,2,False,True,0.18015627303553,6,6,1.0,False,False,False,False
c9f8e694,training,8,3.0,4,True,False,0.38541666666666663,5,5,1.0,False,False,False,False
caa06a1f,training,8,1.0,1,True,False,1.0,3,3,1.0,False,False,False,False
cb227835,training,8,2.0,2,False,True,0.10226525611140995,3,3,1.0,False,False,False,False
cbded52d,training,8,9.0,9,True,False,0.036458333333333336,7,7,1.0,False,False,False,False
cc9053aa,training,8,1.0,1,True,False,0.22633744855967075,3,3,1.0,False,False,False,False
ce039d91,training,8,6.5,9,True,False,0.145,20,20,1.0,False,False,False,False
ce22a75a,training,8,3.5,4,False,True,0.38888888888888884,2,0,0.0,False,False,False,False
ce9e57f2,training,8,4.0,4,True,False,0.1251469723691946,12,12,1.0,False,False,False,False
cf133acc,training,8,7.0,12,False,False,0.1051851851851852,6,6,1.0,False,False,False,False
cfb2ce5a,training,8,2.0,4,False,False,0.38999999999999996,5,5,1.0,False,False,False,False
d037b0a7,training,8,1.0,1,False,False,0.3703703703703703,3,3,1.0,False,False,False,False
d06dbe63,training,8,1.0,1,False,True,0.10946745562130178,4,4,1.0,False,False,False,False
d07ae81c,training,8,1.0,1,True,False,0.14430938457254247,23,23,1.0,False,False,False,False
d22278a0,training,8,2.0,3,False,True,0.4404759221242738,31,31,1.0,False,False,False,False
d23f8c26,training,8,1.0,2,False,False,0.3377777777777778,11,11,1.0,False,False,False,False
d255d7a7,training,8,7.0,7,False,False,0.40460246598639454,8,0,0.0,False,False,False,False
d282b262,training,8,5.0,5,False,False,0.24,17,13,0.7647058823529411,False,False,False,False
d2abd087,training,8,6.0,7,True,True,0.26333333333333336,16,16,1.0,False,True,True,True
d2acf2cb,training,8,1.0,2,False,False,0.1728395061728395,6,3,0.5,False,False,False,False
d304284e,training,8,1.0,1,False,True,0.15838509316770186,27,27,1.0,False,False,False,False
d364b489,training,8,5.5,6,False,True,0.185,11,11,1.0,False,False,False,False
d37a1ef5,training,8,3.0,4,False,True,0.22474747474747478,3,3,1.0,False,False,False,False
d406998b,training,8,5.0,6,True,False,0.16987179487179485,25,25,1.0,False,False,False,False
d43fd935,training,8,7.0,11,False,True,0.06666666666666667,6,6,1.0,False,False,False,False
d492a647,training,8,4.5,5,False,True,0.13221153846153846,49,49,1.0,False,False,False,False
d4a91cb9,training,8,2.0,2,False,True,0.10934343434343435,3,3,1.0,False,False,False,False
d4f3cd78,training,8,1.0,1,False,True,0.185,2,2,1.0,False,False,False,False
d511f180,training,8,1.0,1,True,False,0.4696296296296296,3,3,1.0,False,False,False,False
d5d6de2d,training,8,2.0,2,False,True,0.1796296296296296,5,1,0.2,False,False,False,False
d6542281,training,8,1.0,1,True,False,0.045785594475132085,10,10,1.0,False,False,False,False
d687bc17,training,8,8.0,8,False,False,0.08047619047619047,31,28,0.9032258064516129,False,False,False,False
d6ad076f,training,8,2.0,2,False,True,0.11666666666666665,3,3,1.0,False,False,False,False
d6e50e54,training,8,1.0,1,True,False,0.18574074074074073,11,11,1.0,False,False,False,False
d753a70b,training,8,1.0,1,True,False,0.14192708333333334,8,8,1.0,False,False,False,False
d89b689b,training,8,5.0,5,False,False,0.08,15,15,1.0,False,False,False,False
d8c310e9,training,8,1.0,1,False,False,0.16,3,3,1.0,False,False,False,False
d90796e8,training,8,5.0,6,False,False,0.14663643235071808,6,6,1.0,False,False,False,False
d931c21c,training,8,2.0,6,False,True,0.23725862952836638,9,9,1.0,False,False,False,False
d93c6891,training,8,1.0,1,True,False,0.08586309523809525,5,5,1.0,False,False,False,False
d94c3b52,training,8,24.0,24,True,True,0.13333333333333333,28,28,1.0,False,False,False,False
d968ffd4,training,8,1.0,1,True,False,0.614938080495356,5,5,1.0,False,False,False,False
d9f24cd1,training,8,5.5,6,False,True,0.28,6,6,1.0,False,False,False,False
da2b0fe3,training,8,2.0,2,False,True,0.10000000000000002,3,3,1.0,False,False,False,False
db3e9e38,training,8,1.0,1,False,True,0.3232142857142857,4,4,1.0,False,False,False,False
db615bd4,training,8,1.0,1,True,False,0.11093333333333333,110,110,1.0,False,False,False,False
db7260a4,training,8,3.0,3,False,True,0.092,10,10,1.0,False,False,False,False
db93a21d,training,8,3.0,3,False,True,0.4785416666666667,5,5,1.0,False,False,False,False
dbc1a6ce,training,8,8.5,12,False,True,0.15647095959595958,8,8,1.0,False,False,False,False
dc1df850,training,8,3.0,4,False,True,0.3372916666666666,4,4,1.0,False,False,False,False
dc2aa30b,training,8,9.0,9,True,False,0.33608815426997246,33,33,1.0,False,False,False,False
dc2e9a9d,training,8,3.0,3,False,True,0.08029694091075165,7,7,1.0,False,False,False,False
dc433765,training,8,2.0,2,False,True,0.10501757570403211,7,0,0.0,False,False,False,False
dc46ea44,training,8,1.0,1,True,False,0.12672176308539945,9,9,1.0,False,False,False,False
dce56571,training,8,1.0,1,True,False,0.15986531986531985,6,6,1.0,False,False,False,False
dd2401ed,training,8,8.5,11,False,False,0.15714285714285714,13,11,0.8461538461538461,False,False,False,False
ddf7fa4f,training,8,6.0,6,True,False,0.30666666666666664,8,8,1.0,False,False,False,False
ded97339,training,8,5.0,6,False,True,0.09666666666666668,4,4,1.0,False,False,False,False
df8cc377,training,8,14.0,22,False,True,0.06053945249597423,42,42,1.0,False,False,False,False
df978a02,training,8,1.0,1,False,False,0.0234375,12,12,1.0,False,False,False,False
df9fd884,training,8,1.0,1,True,False,0.09709362139917695,6,6,1.0,False,False,False,False
e048c9ed,training,8,4.5,5,False,True,0.06303030303030302,12,12,1.0,False,False,False,False
e0fb7511,training,8,1.0,1,False,True,0.10453648915187376,17,17,1.0,False,False,False,False
e179c5f4,training,8,1.0,1,False,True,0.9638888888888889,3,3,1.0,False,False,False,False
e1d2900e,training,8,12.0,18,False,True,0.02433048433048433,37,36,0.972972972972973,False,False,False,False
e2092e0c,training,8,9.0,12,False,False,0.07111111111111111,3,0,0.0,False,False,False,False
e21a174a,training,8,1.0,1,False,False,0.37294207623877956,5,1,0.2,False,False,False,False
e21d9049,training,8,1.0,1,False,False,0.1143939393939394,6,6,1.0,False,False,False,False
e26a3af2,training,8,1.0,1,True,False,0.16208432090785033,60,60,1.0,False,False,False,False
e39e9282,training,8,1.0,1,True,False,0.10140461857633576,15,15,1.0,False,False,False,False
e3fe1151,training,8,1.0,1,False,False,0.16,12,12,1.0,False,False,False,False
e4075551,training,8,5.0,5,False,True,0.21354497354497357,4,4,1.0,False,False,False,False
e40b9e2f,training,8,1.0,1,False,False,0.049999999999999996,13,13,1.0,False,False,False,False
e41c6fd3,training,8,4.0,5,False,False,0.17890853108244412,11,8,0.7272727272727273,False,False,False,False
e45ef808,training,8,1.0,1,True,False,0.10069444444444445,4,4,1.0,False,False,False,False
e4888269,training,8,5.0,5,True,False,0.015,9,9,1.0,False,False,False,False
e48d4e1a,training,8,2.0,2,False,False,0.36249999999999993,7,3,0.42857142857142855,False,False,False,False
e4941b18,training,8,1.0,1,True,False,0.04101830508756916,9,9,1.0,False,False,False,False
e5062a87,training,8,2.0,4,False,False,0.10666666666666667,5,5,1.0,False,False,False,False
e509e548,training,8,5.0,8,True,True,0.1778879015721121,16,16,1.0,False,False,False,False
e5790162,training,8,3.0,4,False,True,0.14409722222222224,5,5,1.0,False,False,False,False
e5c44e8f,training,8,10.0,11,False,True,0.34435261707988984,4,4,1.0,False,False,False,False
e619ca6e,training,8,2.0,3,False,True,0.12370202220380579,9,9,1.0,False,False,False,False
e681b708,training,8,27.0,32,True,False,0.048742253452398375,77,77,1.0,False,False,False,False
e69241bd,training,8,1.0,2,False,False,0.28025531200134374,6,6,1.0,False,False,False,False
e729b7be,training,8,1.0,1,True,False,0.16488530052543893,3,3,1.0,False,False,False,False
e73095fd,training,8,1.0,1,False,True,0.07038316001164298,9,9,1.0,False,False,False,False
e734a0e8,training,8,12.5,16,False,False,0.07972316393007234,8,0,0.0,False,False,False,False
e74e1818,training,8,1.0,1,False,False,0.21052740133659217,17,5,0.29411764705882354,False,False,False,False
e760a62e,training,8,5.0,5,False,False,0.1732294592871516,33,33,1.0,False,False,False,False
e7639916,training,8,3.0,3,False,True,0.20218240093240092,6,6,1.0,False,False,False,False
e76a88a6,training,8,3.0,3,True,False,0.21,4,4,1.0,False,False,False,False
e7b06bea,training,8,2.0,2,False,True,0.5283333333333333,5,0,0.0,False,False,False,False
e7dd8335,training,8,1.0,1,True,False,0.15301923238431173,3,3,1.0,False,False,False,False
e8593010,training,8,1.0,1,False,True,0.26,36,36,1.0,False,False,False,False
e88171ec,training,8,2.0,3,False,False,0.027422925002564894,3,3,1.0,False,False,False,False
e8dc4411,training,8,1.0,1,True,False,0.07210012210012211,3,3,1.0,False,False,False,False
e9614598,training,8,2.0,2,False,True,0.05,2,2,1.0,False,False,False,False
e9ac8c9e,training,8,1.0,1,False,False,0.22666666666666668,3,3,1.0,False,False,False,False
e9afcf9a,training,8,1.0,1,True,False,0.5,6,6,1.0,False,False,False,False
e9bb6954,training,8,16.0,18,False,False,0.1789589767530944,24,15,0.625,False,False,False,False
e9c9d9a1,training,8,1.0,1,False,True,0.3604288499025341,24,24,1.0,False,False,False,False
ea32f347,training,8,3.0,3,True,True,0.14,12,12,1.0,False,False,False,True
ea786f4a,training,8,1.0,1,False,False,0.33644746787603935,12,12,1.0,False,False,False,False
ea959feb,training,8,1.0,1,True,False,0.1006060606060606,14,14,1.0,False,False,False,False
ec883f72,training,8,2.0,2,False,True,0.043547453703703706,6,6,1.0,False,False,False,False
ecaa0ec1,training,8,4.0,4,False,False,0.07700068870523416,13,9,0.6923076923076923,False,False,False,False
ecb67b6d,training,8,1.0,1,True,False,0.16982323232323235,5,5,1.0,False,False,False,False
ecdecbb3,training,8,3.0,4,False,False,0.10790114862513052,7,0,0.0,False,False,False,False
ed36ccf7,training,8,1.5,2,False,False,0.5,6,3,0.5,False,False,False,False
edcc2ff0,training,8,4.0,4,False,False,0.04666666666666667,13,13,1.0,False,False,False,False
ef135b50,training,8,4.0,5,False,True,0.11,9,9,1.0,False,False,False,False
ef26cbf6,training,8,4.0,4,True,False,0.2077922077922078,6,6,1.0,False,False,False,False
f0100645,training,8,1.0,1,True,False,0.2758024691358025,11,11,1.0,False,False,False,False
f0df5ff0,training,8,6.0,11,False,False,0.13629629629629628,16,16,1.0,False,False,False,False
f0f8a26d,training,8,1.0,1,True,False,0.2912627963133014,5,5,1.0,False,False,False,False
f15e1fac,training,8,5.0,6,False,True,0.23572595704948643,7,7,1.0,False,False,False,False
f18ec8cc,training,8,1.0,1,True,False,0.8298687423687424,8,8,1.0,False,False,False,False
f1bcbc2c,training,8,1.0,2,False,False,0.1225,4,2,0.5,False,False,False,False
f1cefba8,training,8,1.0,1,False,False,0.13228993014209733,19,19,1.0,False,False,False,False
f21745ec,training,8,5.0,5,False,True,0.09646525470175504,13,13,1.0,False,False,False,False
f25ffba3,training,8,1.0,1,False,False,0.2875,2,2,1.0,False,False,False,False
f28a3cbb,training,8,1.0,1,True,False,0.2222222222222222,12,12,1.0,False,False,False,False
f341894c,training,8,1.0,1,True,False,0.04763605442176871,6,6,1.0,False,False,False,False
f35d900a,training,8,4.0,4,False,True,0.18206032412965187,28,28,1.0,False,False,False,False
f3b10344,training,8,7.0,9,False,True,0.08377777777777778,15,15,1.0,False,False,False,False
f3cdc58f,training,8,10.0,11,False,False,0.3233333333333333,18,15,0.8333333333333334,False,False,False,False
f3e14006,training,8,1.0,1,False,False,0.34375,4,0,0.0,False,False,False,False
f3e62deb,training,8,1.0,1,False,True,0.16,11,10,0.9090909090909091,False,False,False,False
f45f5ca7,training,8,2.0,4,False,True,0.1466666666666667,17,12,0.7058823529411765,False,False,False,False
f5c89df1,training,8,1.0,1,False,False,0.14990138067061143,3,0,0.0,False,False,False,False
f76d97a5,training,8,1.0,1,False,False,1.0,3,3,1.0,False,False,False,False
f823c43c,training,8,1.0,1,True,False,0.16933479532163742,33,33,1.0,False,False,False,False
f83cb3f6,training,8,11.0,15,False,False,0.12946311858076565,41,34,0.8292682926829268,False,False,False,False
f8a8fe49,training,8,4.0,4,False,False,0.062222222222222213,12,12,1.0,False,False,False,False
f8be4b64,training,8,3.5,4,False,False,0.20505095332018408,27,27,1.0,False,False,False,False
f8c80d96,training,8,2.0,3,False,True,0.8166666666666665,10,10,1.0,False,False,False,False
f8cc533f,training,8,1.0,1,True,False,0.03248552002014606,19,19,1.0,False,False,False,False
f8f52ecc,training,8,1.0,1,True,False,0.0862962962962963,11,11,1.0,False,False,False,False
f9a67cb5,training,8,9.0,10,False,True,0.2165478312537136,3,3,1.0,False,False,False,False
f9d67f8b,training,8,1.0,1,True,False,0.05277777777777778,8,8,1.0,False,False,False,False
fafd9572,training,8,5.5,7,True,False,0.12083333333333332,9,9,1.0,False,False,False,False
fc10701f,training,8,1.0,1,True,False,0.06886574074074074,12,12,1.0,False,False,False,False
fc4aaf52,training,8,1.0,1,False,False,0.1328125,2,1,0.5,False,False,False,False
fc754716,training,8,1.0,1,False,True,0.7866666666666667,6,4,0.6666666666666666,False,False,False,False
fcc82909,training,8,2.0,3,False,False,0.12,6,6,1.0,False,False,False,False
fd02da9e,training,8,1.0,1,False,False,0.0703125,6,6,1.0,False,False,False,False
fd096ab6,training,8,1.0,1,True,False,0.029592803030303032,15,15,1.0,False,False,False,False
fd4b2b02,training,8,1.0,1,False,True,0.14929524872484648,12,12,1.0,False,False,False,False
fe45cba4,training,8,1.0,1,True,False,0.1875,4,4,1.0,False,False,False,False
fe9372f3,training,8,1.0,1,False,True,0.26696428571428577,2,2,1.0,False,False,False,False
fea12743,training,8,6.0,6,True,True,0.1875,9,9,1.0,False,False,False,False
ff2825db,training,8,4.0,6,False,False,0.5333333333333333,5,2,0.4,False,False,False,False
ff72ca3e,training,8,2.0,9,False,True,0.2823232323232323,5,5,1.0,False,False,False,False
135a2760,evaluation,8,1.0,1,True,False,0.017432567432567433,7,7,1.0,False,False,False,False
13e47133,evaluation,8,1.0,1,False,False,0.7376282051282051,9,9,1.0,False,False,False,False
142ca369,evaluation,8,5.0,8,False,False,0.09713991769547325,7,7,1.0,False,False,False,False
16b78196,evaluation,8,5.5,7,False,False,0.09166666666666667,11,10,0.9090909090909091,False,False,False,False
16de56c4,evaluation,8,8.0,9,False,True,0.1208994708994709,18,17,0.9444444444444444,False,False,False,False
1818057f,evaluation,8,1.0,1,True,False,0.09586056644880174,12,12,1.0,False,False,False,False
195c6913,evaluation,8,1.0,4,False,False,0.12843333333333332,15,14,0.9333333333333333,False,False,False,False
1ae2feb7,evaluation,8,2.0,2,False,False,0.10218531468531468,25,25,1.0,False,False,False,False
221dfab4,evaluation,8,1.0,1,True,False,0.13949843260188088,19,19,1.0,False,False,False,False
247ef758,evaluation,8,1.0,2,False,False,0.15785714285714283,12,12,1.0,False,False,False,False
271d71e2,evaluation,8,3.0,4,False,False,0.3502418941432783,8,0,0.0,False,False,False,False
28a6681f,evaluation,8,1.0,2,False,False,0.09333333333333334,7,7,1.0,False,False,False,False
2b83f449,evaluation,8,2.0,3,True,False,0.2691157526683843,35,35,1.0,False,False,False,False
2c181942,evaluation,8,1.0,1,True,False,0.09955432865577792,19,19,1.0,False,False,False,False
31f7f899,evaluation,8,1.0,1,True,False,0.07654684753585851,14,14,1.0,False,False,False,False
332f06d7,evaluation,8,1.0,1,False,False,0.046671095521541944,8,8,1.0,False,False,False,False
35ab12c3,evaluation,8,10.0,13,False,False,0.2141358024691358,13,13,1.0,False,False,False,False
36a08778,evaluation,8,1.0,1,True,False,0.28778599046456194,6,6,1.0,False,False,False,False
3dc255db,evaluation,8,2.0,3,False,False,0.06833333333333333,11,11,1.0,False,False,False,False
3e6067c3,evaluation,8,1.0,1,True,False,0.04121768492138863,18,18,1.0,False,False,False,False
409aa875,evaluation,8,1.0,1,True,False,0.026041666666666668,18,18,1.0,False,False,False,False
446ef5d2,evaluation,8,1.0,1,False,False,0.44625,5,3,0.6,False,False,False,False
4a21e3da,evaluation,8,1.0,1,True,False,0.1728395061728395,11,11,1.0,False,False,False,False
4c3d4a41,evaluation,8,2.0,2,False,False,0.20625,8,6,0.75,False,False,False,False
4c416de3,evaluation,8,2.0,3,False,False,0.049893765529736366,17,0,0.0,False,False,False,False
53fb4810,evaluation,8,1.0,1,True,False,0.053158345277910496,2,2,1.0,False,False,False,False
581f7754,evaluation,8,1.0,1,True,False,0.20239898989898988,14,14,1.0,False,False,False,False
5961cc34,evaluation,8,1.0,1,True,False,0.15965744400527007,7,7,1.0,False,False,False,False
62593bfd,evaluation,8,2.5,4,False,False,0.09194653299916458,19,19,1.0,False,False,False,False
64efde09,evaluation,8,1.0,1,True,False,0.135173255862911,17,17,1.0,False,False,False,False
6e453dd6,evaluation,8,5.0,6,False,False,0.2928125,22,13,0.5909090909090909,False,False,False,False
6e4f6532,evaluation,8,1.0,1,True,False,0.125,7,7,1.0,False,False,False,False
71e489b6,evaluation,8,3.0,5,False,False,0.11653041150670795,19,16,0.8421052631578947,False,False,False,False
7491f3cf,evaluation,8,1.0,1,False,False,0.06142857142857143,5,5,1.0,False,False,False,False
7666fa5d,evaluation,8,1.0,1,True,False,0.26171875,4,4,1.0,False,False,False,False
7b0280bc,evaluation,8,1.0,1,False,False,0.07351851851851852,3,2,0.6666666666666666,False,False,False,False
7b80bb43,evaluation,8,5.0,9,False,False,0.02693452380952381,7,4,0.5714285714285714,False,False,False,False
7c66cb00,evaluation,8,1.0,1,True,False,0.1037037037037037,21,21,1.0,False,False,False,False
7ed72f31,evaluation,8,1.0,1,True,False,0.05555555555555555,7,7,1.0,False,False,False,False
800d221b,evaluation,8,1.0,1,True,False,0.2675,14,14,1.0,False,False,False,False
80a900e0,evaluation,8,1.0,1,True,False,0.0751984126984127,12,12,1.0,False,False,False,False
88bcf3b4,evaluation,8,1.0,2,False,False,0.09752819472015387,9,8,0.8888888888888888,False,False,False,False
88e364bc,evaluation,8,4.0,5,False,False,0.016666666666666666,19,18,0.9473684210526315,False,False,False,False
8b7bacbf,evaluation,8,2.0,2,False,False,0.05138888888888889,11,11,1.0,False,False,False,False
8b9c3697,evaluation,8,1.0,1,False,False,0.0653907496012759,18,18,1.0,False,False,False,False
8e5c0c38,evaluation,8,2.0,3,False,False,0.013429752066115703,10,10,1.0,False,False,False,False
8f215267,evaluation,8,1.0,1,True,False,0.06748582230623819,39,39,1.0,False,False,False,False
8f3a5a89,evaluation,8,1.0,1,True,False,0.32973958333333336,6,6,1.0,False,False,False,False
9385bd28,evaluation,8,3.5,8,False,False,0.2641938997821351,7,7,1.0,False,False,False,False
97d7923e,evaluation,8,4.0,7,True,False,0.04111111111111112,4,4,1.0,False,False,False,False
981571dc,evaluation,8,1.0,1,False,False,0.10361111111111113,14,14,1.0,False,False,False,False
9aaea919,evaluation,8,1.0,1,False,False,0.06,18,18,1.0,False,False,False,False
9bbf930d,evaluation,8,1.0,1,True,False,0.024675659737579247,19,19,1.0,False,False,False,False
a25697e4,evaluation,8,1.0,1,True,False,0.05777777777777778,5,5,1.0,False,False,False,False
a395ee82,evaluation,8,1.0,1,True,False,0.09986225895316804,20,20,1.0,False,False,False,False
a47bf94d,evaluation,8,1.0,2,False,False,0.07184283021603595,20,20,1.0,False,False,False,False
aa4ec2a5,evaluation,8,1.0,1,True,False,0.28812974465148383,7,7,1.0,False,False,False,False
abc82100,evaluation,8,8.5,19,False,False,0.3249826388888889,12,7,0.5833333333333334,False,False,False,False
b10624e5,evaluation,8,1.0,1,True,False,0.056241426611796985,6,6,1.0,False,False,False,False
b5ca7ac4,evaluation,8,1.0,6,False,False,0.4951790633608815,17,14,0.8235294117647058,False,False,False,False
b6f77b65,evaluation,8,2.0,2,False,False,0.24166666666666664,5,0,0.0,False,False,False,False
b99e7126,evaluation,8,1.0,1,True,False,0.02933016250495442,10,10,1.0,False,False,False,False
b9e38dc0,evaluation,8,1.0,1,False,False,0.34162037037037035,3,3,1.0,False,False,False,False
c4d067a0,evaluation,8,1.0,1,True,False,0.05293005671077505,16,16,1.0,False,False,False,False
c7f57c3e,evaluation,8,1.0,1,True,False,0.05555555555555555,9,9,1.0,False,False,False,False
cb2d8a2c,evaluation,8,1.0,1,True,False,0.11431162599282202,20,20,1.0,False,False,False,False
cbebaa4b,evaluation,8,5.0,5,False,False,0.1828512396694215,6,3,0.5,False,False,False,False
d35bdbdc,evaluation,8,1.0,2,False,False,0.26,14,14,1.0,False,False,False,False
d59b0160,evaluation,8,4.0,9,False,False,0.24088541666666666,6,0,0.0,False,False,False,False
d8e07eb2,evaluation,8,1.0,1,True,False,0.22424242424242422,17,17,1.0,False,False,False,False
da515329,evaluation,8,1.0,1,False,True,0.4710062270431588,13,13,1.0,False,False,False,False
db0c5428,evaluation,8,1.0,1,True,False,0.26359432710064634,27,27,1.0,False,False,False,False
db695cfb,evaluation,8,1.0,1,True,False,0.08130751964085298,16,16,1.0,False,False,False,False
dbff022c,evaluation,8,4.0,4,False,False,0.05194444444444444,7,7,1.0,False,False,False,False
dd6b8c4b,evaluation,8,1.0,1,True,False,0.08264462809917356,14,14,1.0,False,False,False,False
de809cff,evaluation,8,8.0,9,False,False,0.29625,30,18,0.6,False,False,False,False
dfadab01,evaluation,8,8.0,25,False,False,0.42875,18,3,0.16666666666666666,False,False,False,False
e12f9a14,evaluation,8,1.0,1,True,False,0.12187499999999998,16,16,1.0,False,False,False,False
e3721c99,evaluation,8,12.5,14,False,True,0.24888888888888888,17,17,1.0,False,False,False,False
e376de54,evaluation,8,1.0,1,True,False,0.03515625,9,9,1.0,False,False,False,False
faa9f03d,evaluation,8,3.0,8,False,False,0.08680555555555555,32,29,0.90625,False,False,False,False
